Date,Open,High,Low,Close,Adj Close,Volume,Amazon,Microsoft,Google,NASDAQ,NYSE,RUSSELL2000,ViX,USD/CNY,5yearTreasury,10yearTreasury
01/08/2022,161.009995,163.589996,160.889999,161.509995,160.551315,67829400,135.389999,278.01001,115.480003,12368.98047,15286.00977,1883.310059,22.84,6.7432,2.668,2.606
02/08/2022,160.100006,162.410004,159.630005,160.009995,159.060196,59907000,134.160004,274.820007,115.900002,12348.75977,15162.67969,1882.449951,23.93,6.7677,2.862,2.741
03/08/2022,160.839996,166.589996,160.75,166.130005,165.14389,82507500,139.520004,282.470001,118.779999,12668.16016,15267.16016,1908.930054,21.950001,6.7518,2.872,2.748
04/08/2022,166.009995,167.190002,164.429993,165.809998,164.82579,55474100,142.570007,283.649994,118.870003,12720.58008,15224.20996,1906.459961,21.440001,6.757,2.774,2.676
05/08/2022,163.210007,165.850006,163,165.350006,164.596832,56697000,140.800003,282.910004,118.220001,12657.54981,15273.23047,1921.819946,21.15,6.7478,2.976,2.84
08/08/2022,166.369995,167.809998,164.199997,164.869995,164.119019,60276900,139.410004,280.320007,118.139999,12644.45996,15305.79981,1941.209961,21.290001,6.7609,2.911,2.765
09/08/2022,164.020004,165.820007,163.25,164.919998,164.168793,63135500,137.830002,282.299988,117.5,12493.92969,15264.79004,1912.890015,21.77,6.7499,2.98,2.797
10/08/2022,167.679993,169.339996,166.899994,169.240005,168.469131,70170500,142.690002,289.160004,120.650002,12854.79981,15552.7002,1969.25,19.74,6.7517,2.923,2.786
11/08/2022,170.059998,170.990005,168.190002,168.490005,167.722534,57149200,140.639999,287.019989,119.82,12779.91016,15602.92969,1975.26001,20.200001,6.7228,2.988,2.888
12/08/2022,169.820007,172.169998,169.399994,172.100006,171.316101,68039400,143.550003,291.910004,122.650002,13047.19043,15804.37988,2016.619995,19.530001,6.7436,2.977,2.849
15/08/2022,171.520004,173.389999,171.350006,173.190002,172.401123,54091700,143.179993,293.470001,122.879997,13128.04981,15794.33008,2021.349976,19.950001,6.7418,2.913,2.791
16/08/2022,172.779999,173.710007,171.660004,173.029999,172.241852,56377100,144.779999,292.709991,122.510002,13102.54981,15846.79004,2020.530029,19.690001,6.772,2.958,2.824
17/08/2022,172.770004,176.149994,172.570007,174.550003,173.754929,79542000,142.100006,291.320007,120.32,12938.12012,15734.11035,1987.310059,19.9,6.7874,3.048,2.893
18/08/2022,173.75,174.899994,173.119995,174.149994,173.356735,62290100,142.300003,290.170013,120.860001,12965.33984,15763.90039,2000.72998,19.559999,6.7799,3.031,2.88
19/08/2022,173.029999,173.740005,171.309998,171.520004,170.738724,70346300,138.229996,286.149994,118.120003,12705.21973,15588.32031,1957.349976,20.6,6.7846,3.116,2.989
22/08/2022,169.690002,169.860001,167.139999,167.570007,166.806732,69026800,133.220001,277.75,115.07,12381.57031,15341.84961,1915.73999,23.799999,6.8157,3.179,3.037
23/08/2022,167.080002,168.710007,166.649994,167.229996,166.468277,54147100,133.619995,276.440002,114.769997,12381.29981,15338.15039,1919.140015,24.110001,6.8479,3.181,3.054
24/08/2022,167.320007,168.110001,166.25,167.529999,166.766907,53841500,133.800003,275.790009,114.699997,12431.53027,15392.05957,1935.290039,22.82,6.8336,3.231,3.106
25/08/2022,168.779999,170.139999,168.350006,170.029999,169.255508,51218200,137.279999,278.850006,117.699997,12639.26953,15595.24023,1964.640015,21.780001,6.8585,3.157,3.026
26/08/2022,170.570007,171.050003,163.559998,163.619995,162.87471,78961000,130.75,268.089996,111.300003,12141.70996,15178.20996,1899.829956,25.559999,6.8483,3.195,3.035
29/08/2022,161.149994,162.899994,159.820007,161.380005,160.644913,73314000,129.789993,265.230011,110.339996,12017.66992,15118.84961,1882.939941,26.209999,6.8708,3.263,3.11
30/08/2022,162.130005,162.559998,157.720001,158.910004,158.186172,77906200,128.729996,262.970001,109.910004,11883.13965,14931.41992,1855.589966,26.209999,6.907,3.277,3.11
31/08/2022,160.309998,160.580002,157.139999,157.220001,156.503876,87991100,126.769997,261.470001,109.150002,11816.2002,14801.24023,1844.119995,25.870001,6.9108,3.284,3.133
01/09/2022,156.639999,158.419998,154.669998,157.960007,157.240494,74229900,127.82,260.399994,110.550003,11785.12988,14771.90039,1822.819946,25.559999,6.8889,3.406,3.265
02/09/2022,159.75,160.360001,154.970001,155.809998,155.100281,76957800,127.510002,256.059998,108.68,11630.86035,14689.5,1809.75,25.469999,6.9055,3.298,3.193
06/09/2022,156.470001,157.089996,153.690002,154.529999,153.826111,73714800,126.110001,253.25,107.480003,11544.91016,14631.51953,1792.319946,26.91,6.9331,3.443,3.34
07/09/2022,154.820007,156.669998,153.610001,155.960007,155.249603,87449600,129.479996,258.089996,110.480003,11791.90039,14844.57031,1832,24.639999,6.9531,3.36,3.265
08/09/2022,154.639999,156.360001,152.679993,154.460007,153.756454,84923800,129.820007,258.519989,109.419998,11862.12988,14961.76953,1846.910034,23.610001,6.9653,3.397,3.292
09/09/2022,155.470001,157.820007,154.75,157.369995,156.653168,68028800,133.270004,264.459991,111.779999,12112.30957,15190.79004,1882.849976,22.790001,6.9565,3.446,3.321
12/09/2022,159.589996,164.259995,159.300003,163.429993,162.685577,104956000,136.449997,266.649994,111.870003,12266.41016,15352.17969,1906.089966,23.870001,6.9255,3.458,3.362
13/09/2022,159.899994,160.539993,153.369995,153.839996,153.139252,122656600,126.82,251.990005,105.309998,11633.57031,14820.79004,1831.569946,27.27,6.925,3.589,3.422
14/09/2022,154.789993,157.100006,153.610001,155.309998,154.60257,87965400,128.550003,252.220001,105.870003,11719.67969,14843.20996,1838.459961,26.16,6.9241,3.595,3.412
15/09/2022,154.649994,155.240005,151.380005,152.369995,151.675949,90481100,126.279999,245.380005,103.900002,11552.36035,14722.03027,1825.22998,26.27,6.961,3.674,3.459
16/09/2022,151.210007,151.350006,148.369995,150.699997,150.01355,162278800,123.529999,244.740005,103.629997,11448.40039,14573.91016,1798.189941,26.299999,6.993,3.626,3.448
19/09/2022,149.309998,154.559998,149.100006,154.479996,153.776352,81474200,124.660004,244.520004,103.849998,11535.01953,14674.45996,1812.839966,25.76,6.979,3.693,3.49
20/09/2022,153.399994,158.080002,153.080002,156.899994,156.185318,107689800,122.190002,242.449997,101.830002,11425.04981,14474.71973,1787.5,27.16,7.0056,3.75,3.571
21/09/2022,157.339996,158.740005,153.600006,153.720001,153.019806,101696800,118.540001,238.949997,100.010002,11220.19043,14236.61035,1762.160034,27.99,7.0172,3.713,3.51
22/09/2022,152.380005,154.470001,150.910004,152.740005,152.044266,86652500,117.309998,240.979996,100.57,11066.80957,14116.58984,1722.310059,27.35,7.0479,3.929,3.708
23/09/2022,151.190002,151.470001,148.559998,150.429993,149.744797,96029900,113.779999,237.919998,99.169998,10867.92969,13796.99023,1679.589966,29.92,7.0766,3.984,3.697
26/09/2022,149.660004,153.770004,149.639999,150.770004,150.083252,93339400,115.150002,237.449997,98.809998,10802.91992,13580.38965,1655.880005,32.259998,7.1274,4.159,3.878
27/09/2022,152.740005,154.720001,149.949997,151.759995,151.068726,84442700,114.410004,236.410004,98.089996,10829.5,13541.75977,1662.51001,32.599998,7.148,4.21,3.964
28/09/2022,147.639999,150.639999,144.839996,149.839996,149.157486,146691400,118.010002,241.070007,100.739998,11051.63965,13833.17969,1715.23999,30.18,7.1768,3.922,3.705
29/09/2022,146.100006,146.720001,140.679993,142.479996,141.830994,128138200,114.800003,237.5,98.089996,10737.50977,13608.29004,1674.930054,31.84,7.199,3.979,3.747
30/09/2022,141.279999,143.100006,138,138.199997,137.570496,124925300,113,232.899994,96.150002,10575.62012,13472.17969,1664.719971,31.620001,7.1239,4.041,3.804
03/10/2022,138.210007,143.070007,137.690002,142.449997,141.801147,114311700,115.879997,240.740005,99.300003,10815.42969,13855.71973,1708.869995,30.1,7.115,3.883,3.651
04/10/2022,145.029999,146.220001,144.259995,146.100006,145.434525,87830100,121.089996,248.880005,102.410004,11176.41016,14319.49023,1775.77002,29.07,7.1149,3.84,3.617
05/10/2022,144.070007,147.380005,143.009995,146.399994,145.733139,79471000,120.949997,249.199997,102.220001,11148.63965,14262.03027,1762.689941,28.549999,7.115,3.959,3.759
06/10/2022,145.809998,147.539993,145.220001,145.429993,144.767563,68402200,120.300003,246.789993,102.239998,11073.30957,14087.37988,1752.51001,30.52,7.115,4.06,3.826
07/10/2022,142.539993,143.100006,139.449997,140.089996,139.451889,85925600,114.559998,234.240005,99.57,10652.40039,13798.25977,1702.150024,31.360001,7.115,4.135,3.883
10/10/2022,140.419998,141.889999,138.570007,140.419998,139.780396,74899000,113.669998,229.25,98.709999,10542.09961,13693.57031,1691.920044,32.450001,7.115,4.149,3.888
11/10/2022,139.899994,141.350006,138.220001,138.979996,138.346954,77033700,112.209999,225.410004,98.050003,10426.19043,13608.08984,1692.920044,33.630001,7.1536,4.169,3.939
12/10/2022,139.130005,140.360001,138.160004,138.339996,137.709854,70433700,112.900002,225.75,98.300003,10417.09961,13546.79981,1687.76001,33.57,7.1644,4.112,3.902
13/10/2022,134.990005,143.589996,134.369995,142.990005,142.338684,113224000,112.529999,234.240005,99.709999,10649.15039,13888.96973,1728.410034,31.940001,7.1741,4.207,3.952
14/10/2022,144.309998,144.520004,138.190002,138.380005,137.74968,88598000,106.900002,228.559998,97.18,10321.38965,13607.30957,1682.400024,32.02,7.1695,4.269,4.01
17/10/2022,141.070007,142.899994,140.270004,142.410004,141.761337,85250900,113.790001,237.529999,100.779999,10675.79981,13923.20996,1735.75,31.370001,7.19,4.239,4.015
18/10/2022,145.490005,146.699997,140.610001,143.75,143.09523,99136600,116.360001,238.5,101.389999,10772.40039,14089.2002,1755.959961,30.5,7.1955,4.215,3.998
19/10/2022,141.690002,144.949997,141.5,143.860001,143.204727,61758300,115.07,236.479996,100.290001,10680.50977,13947.25977,1725.76001,30.76,7.2006,4.35,4.127
20/10/2022,143.020004,145.889999,142.649994,143.389999,142.736862,64522000,115.25,236.149994,100.529999,10614.83984,13840.46973,1704.390015,29.98,7.2273,4.448,4.226
21/10/2022,142.869995,147.850006,142.649994,147.270004,146.599197,86548600,119.32,242.119995,101.480003,10859.71973,14144.04981,1742.23999,29.690001,7.2158,4.354,4.213
24/10/2022,147.190002,150.229996,146,149.449997,148.769257,75981900,119.82,247.25,102.970001,10952.61035,14226.11035,1748.400024,29.85,7.2428,4.359,4.234
25/10/2022,150.089996,152.490005,149.360001,152.339996,151.646103,74732300,120.599998,250.660004,104.93,11199.12012,14440.69043,1796.160034,28.459999,7.2619,4.257,4.108
26/10/2022,150.960007,151.990005,148.039993,149.350006,148.669724,88194300,115.660004,231.320007,94.82,10970.99023,14531.69043,1804.329956,27.280001,7.3038,4.194,4.015
27/10/2022,148.070007,149.050003,144.130005,144.800003,144.140442,109180200,110.959999,226.75,92.599998,10792.66992,14569.90039,1806.319946,27.389999,7.1719,4.088,3.937
28/10/2022,148.199997,157.5,147.820007,155.740005,155.030609,164762400,103.410004,235.869995,96.580002,11102.4502,14795.62988,1846.920044,25.75,7.2279,4.19,4.01
31/10/2022,153.160004,154.240005,151.919998,153.339996,152.641525,97943200,102.440002,232.130005,94.660004,10988.15039,14747.03027,1846.859985,25.879999,7.2514,4.248,4.077
01/11/2022,155.080002,155.449997,149.130005,150.649994,149.963791,80379300,96.790001,228.169998,90.5,10890.84961,14790.70996,1851.390015,25.809999,7.3018,4.258,4.052
02/11/2022,148.949997,152.169998,145,145.029999,144.369385,93604600,92.120003,220.100006,87.07,10524.79981,14497.84961,1789.140015,25.860001,7.2766,4.249,4.059
03/11/2022,142.059998,142.800003,138.75,138.880005,138.247406,97918500,89.300003,214.25,83.489998,10342.94043,14455.66992,1779.72998,25.299999,7.2887,4.35,4.124
04/11/2022,142.089996,142.669998,134.380005,138.380005,137.978195,140814800,90.980003,221.389999,86.699997,10475.25,14702.76953,1799.869995,24.549999,7.3008,4.326,4.156
07/11/2022,137.110001,139.149994,135.669998,138.919998,138.516617,83374600,90.529999,227.869995,88.650002,10564.51953,14808.62988,1809.810059,24.35,7.1751,4.393,4.214
08/11/2022,140.410004,141.429993,137.490005,139.5,139.09494,89908500,89.980003,228.869995,88.910004,10616.2002,14889.29981,1808.930054,25.540001,7.2288,4.306,4.126
09/11/2022,138.5,138.550003,134.589996,134.869995,134.478378,74917800,86.139999,224.509995,87.400002,10353.16992,14587.75977,1760.400024,26.09,7.2482,4.285,4.151
10/11/2022,141.240005,146.869995,139.5,146.869995,146.443527,118854000,96.629997,242.979996,94.169998,11114.15039,15234.71973,1867.930054,23.530001,7.2408,3.943,3.829
11/11/2022,145.820007,150.009995,144.369995,149.699997,149.26532,93979700,100.790001,247.110001,96.730003,11323.33008,15352.69043,1882.73999,22.52,7.1859,3.938,3.813
14/11/2022,148.970001,150.279999,147.429993,148.279999,147.849442,73374100,98.489998,241.550003,96.029999,11196.21973,15228.98047,1861.25,23.73,7.1071,3.997,3.865
15/11/2022,152.220001,153.589996,148.559998,150.039993,149.604324,89868300,98.940002,241.970001,98.720001,11358.41016,15381,1889.199951,24.540001,7.0729,3.922,3.799
16/11/2022,149.130005,149.869995,147.289993,148.789993,148.357956,64218300,97.120003,241.729996,98.989998,11183.66016,15265.25,1853.170044,24.110001,7.043,3.85,3.692
17/11/2022,146.429993,151.479996,146.149994,150.720001,150.282349,80389400,94.849998,241.679993,98.5,11144.95996,15223.95996,1839.119995,23.93,7.0872,3.937,3.775
18/11/2022,152.309998,152.699997,149.970001,151.289993,150.850693,74829600,94.139999,241.220001,97.800003,11146.05957,15309.76953,1849.72998,23.120001,7.1562,4,3.818
21/11/2022,150.160004,150.369995,147.720001,148.009995,147.580231,58724100,92.459999,242.050003,95.830002,11024.50977,15278.25977,1839.140015,22.360001,7.1189,4.008,3.825
22/11/2022,148.130005,150.419998,146.929993,150.179993,149.743912,51804100,93.199997,245.029999,97.330002,11174.41016,15481.75977,1860.439941,21.290001,7.1642,3.938,3.758
23/11/2022,149.449997,151.830002,149.339996,151.070007,150.631348,58301400,94.129997,247.580002,98.82,11285.32031,15545.51953,1863.52002,20.35,7.1393,3.892,3.706
25/11/2022,148.309998,148.880005,147.119995,148.110001,147.679947,35195900,93.410004,247.490005,97.599998,11226.36035,15605.66992,1869.189941,20.5,7.1503,3.87,3.691
28/11/2022,145.139999,146.639999,143.380005,144.220001,143.801239,69246000,93.949997,241.759995,96.25,11049.5,15370.44043,1830.959961,22.209999,7.1705,3.896,3.703
29/11/2022,144.289993,144.809998,140.350006,141.169998,140.760086,83763800,92.419998,240.330002,95.440002,10983.78027,15433.45996,1836.550049,21.889999,7.2071,3.92,3.748
30/11/2022,141.399994,148.720001,140.550003,148.029999,147.600174,111380900,96.540001,255.139999,101.449997,11468,15780.01953,1886.579956,20.58,7.1594,3.832,3.703
01/12/2022,148.210007,149.130005,146.610001,148.309998,147.879349,71250400,95.5,254.690002,101.279999,11482.4502,15761.12012,1881.680054,19.84,7.0762,3.68,3.529
02/12/2022,145.960007,148,145.649994,147.809998,147.380814,65447400,94.129997,255.020004,100.830002,11461.5,15767.01953,1892.839966,19.059999,7.0437,3.666,3.506
05/12/2022,147.770004,150.919998,145.770004,146.630005,146.204239,68826400,91.010002,250.199997,99.870003,11239.94043,15474.79004,1840.219971,20.75,7.0239,3.793,3.599
06/12/2022,147.070007,147.300003,141.919998,142.910004,142.495041,64727200,88.25,245.119995,97.309998,11014.88965,15328.45996,1812.579956,22.17,6.9609,3.733,3.513
07/12/2022,142.190002,143.369995,140,140.940002,140.530762,69721100,88.459999,244.369995,95.150002,10958.54981,15311.79004,1806.900024,22.68,6.9949,3.614,3.408
08/12/2022,142.360001,143.520004,141.100006,142.649994,142.235794,62128300,90.349998,247.399994,93.949997,11082,15399.94043,1818.290039,22.290001,6.9726,3.71,3.491
09/12/2022,142.339996,145.570007,140.899994,142.160004,141.747208,76097000,89.089996,245.419998,93.07,11004.62012,15291.04981,1796.660034,22.83,6.9663,3.757,3.567
12/12/2022,142.699997,144.5,141.059998,144.490005,144.07045,70462700,90.550003,252.509995,93.559998,11143.74023,15468.66992,1818.609985,25,6.9566,3.802,3.611
13/12/2022,149.5,149.970001,144.240005,145.470001,145.047607,93886200,92.489998,256.920013,95.849998,11256.80957,15562.54004,1832.359985,22.549999,6.9765,3.647,3.501
14/12/2022,145.350006,146.660004,141.160004,143.210007,142.794174,82291200,91.580002,257.220001,95.309998,11170.88965,15494.98047,1820.449951,21.139999,6.9434,3.654,3.503
15/12/2022,141.110001,141.800003,136.029999,136.5,136.103653,98931900,88.449997,249.009995,91.199997,10810.53027,15182.28027,1774.609985,22.83,6.9499,3.626,3.45
16/12/2022,136.690002,137.649994,133.729996,134.509995,134.119431,160156900,87.860001,244.690002,90.860001,10705.41016,15018.16992,1763.420044,22.620001,6.9722,3.617,3.482
19/12/2022,135.110001,135.199997,131.320007,132.369995,131.985626,79592600,84.919998,240.449997,89.150002,10546.03027,14938.03027,1738.579956,22.42,6.9721,3.711,3.581
20/12/2022,131.389999,133.25,129.889999,132.300003,131.915848,77432800,85.190002,241.800003,89.629997,10547.11035,15000.62012,1748.02002,21.48,6.9786,3.784,3.684
21/12/2022,132.979996,136.809998,132.75,135.449997,135.056702,85928000,86.769997,244.429993,90.25,10709.37012,15219.54981,1776.939941,20.07,6.9608,3.775,3.684
22/12/2022,134.350006,134.559998,130.300003,132.229996,131.846039,77852100,83.790001,238.190002,88.260002,10476.12012,15081.53027,1754.089966,21.969999,6.9806,3.787,3.669
23/12/2022,130.919998,132.419998,129.639999,131.860001,131.477127,63814900,85.25,238.729996,89.809998,10497.86035,15188.4502,1760.930054,20.870001,6.983,3.862,3.751
27/12/2022,131.380005,131.410004,128.720001,130.029999,129.652435,69007800,83.040001,236.960007,87.93,10353.23047,15218.25977,1749.52002,21.65,6.9612,3.963,3.86
28/12/2022,129.669998,131.029999,125.870003,126.040001,125.674019,85438400,81.82,234.529999,86.459999,10213.29004,15037.32031,1722.02002,22.139999,6.959,3.979,3.887
29/12/2022,127.989998,130.479996,127.730003,129.610001,129.233658,75703700,84.18,241.009995,88.949997,10478.08984,15241.20996,1766.25,21.440001,6.9776,3.955,3.835
30/12/2022,128.410004,129.949997,127.43,129.929993,129.552719,77034200,84,239.820007,88.730003,10466.48047,15184.30957,1761.25,21.67,6.9631,4,3.879
03/01/2023,130.279999,130.899994,124.169998,125.07,124.706833,112117500,85.82,239.580002,89.699997,10386.98047,15154.4502,1750.72998,22.9,6.8971,3.945,3.793
04/01/2023,126.889999,128.660004,125.080002,126.360001,125.993095,89113600,85.139999,229.100006,88.709999,10458.75977,15350.29981,1772.540039,22.01,6.9141,3.875,3.709
05/01/2023,127.129997,127.769997,124.760002,125.019997,124.656982,80962700,83.120003,222.309998,86.769997,10305.24023,15225.40039,1753.189941,22.459999,6.8878,3.91,3.72
06/01/2023,126.010002,130.289993,124.889999,129.619995,129.243622,87754700,86.080002,224.929993,88.160004,10569.29004,15539.74023,1792.800049,21.129999,6.8815,3.712,3.569
09/01/2023,130.470001,133.410004,129.889999,130.149994,129.772079,70790800,87.360001,227.119995,88.800003,10635.65039,15514.44043,1795.910034,21.969999,6.8374,3.651,3.517
10/01/2023,130.259995,131.259995,128.119995,130.729996,130.350403,63896200,89.870003,228.850006,89.239998,10742.62988,15608.16992,1822.650024,20.58,6.771,3.734,3.621
11/01/2023,131.25,133.509995,130.460007,133.490005,133.102386,69458900,95.089996,235.770004,92.260002,10931.66992,15749.08984,1844.050049,21.09,6.7774,3.67,3.554
12/01/2023,133.880005,134.259995,131.440002,133.410004,133.022614,71379600,95.269997,238.509995,91.910004,11001.09961,15859.54981,1876.060059,18.83,6.769,3.546,3.449
13/01/2023,132.029999,134.919998,131.660004,134.759995,134.368698,57809700,98.120003,239.229996,92.800003,11079.16016,15918.37012,1887.030029,18.35,6.7378,3.614,3.511
17/01/2023,134.830002,137.289993,134.130005,135.940002,135.545273,63646600,96.050003,240.350006,92.160004,11095.11035,15883.55957,1884.290039,19.360001,6.7325,3.607,3.535
18/01/2023,136.820007,138.610001,135.029999,135.210007,134.817398,69672800,95.459999,235.809998,91.779999,10957.00977,15649.12988,1854.359985,20.34,6.7724,3.433,3.375
19/01/2023,134.080002,136.25,133.770004,135.270004,134.877228,58280400,93.68,231.929993,93.910004,10852.26953,15569.62988,1836.349976,20.52,6.7471,3.485,3.397
20/01/2023,135.279999,138.020004,134.220001,137.869995,137.469666,80223600,97.25,240.220001,99.279999,11140.42969,15777.54981,1867.339966,19.85,6.7758,3.567,3.484
23/01/2023,138.119995,143.320007,137.899994,141.110001,140.700256,81760300,97.519997,242.580002,101.209999,11364.41016,15880.08984,1890.77002,19.809999,6.7826,3.625,3.525
24/01/2023,140.309998,143.160004,140.300003,142.529999,142.116135,66435100,96.32,242.039993,99.209999,11334.26953,15868.21973,1885.609985,19.200001,6.783,3.584,3.469
25/01/2023,140.889999,142.429993,138.809998,141.860001,141.448074,65799300,97.18,240.610001,96.730003,11313.36035,15889.26953,1890.319946,19.08,6.7835,3.561,3.462
26/01/2023,143.169998,144.25,141.899994,143.960007,143.541992,54105100,99.220001,248,99.160004,11512.41016,15985.87012,1903.060059,18.73,6.7829,3.588,3.493
27/01/2023,143.160004,147.229996,143.080002,145.929993,145.506256,70555800,102.239998,248.160004,100.709999,11621.70996,15962.58008,1911.459961,18.51,6.7825,3.621,3.518
30/01/2023,144.960007,145.550003,142.850006,143,142.584778,64015300,100.550003,242.710007,97.949997,11393.80957,15818.90039,1885.719971,19.940001,6.7824,3.683,3.551
31/01/2023,142.699997,144.339996,142.279999,144.289993,143.871017,65874500,103.129997,247.809998,99.870003,11584.54981,16036.38965,1931.939941,19.4,6.7478,3.638,3.529
01/02/2023,143.970001,146.610001,141.320007,145.429993,145.007706,77663600,105.150002,252.75,101.43,11816.32031,16121.25,1960.810059,17.870001,6.7536,3.495,3.397
02/02/2023,148.899994,151.179993,148.169998,150.820007,150.382065,118339000,112.910004,264.600006,108.800003,12200.82031,16122.58008,2001.219971,18.73,6.7408,3.483,3.396
03/02/2023,148.029999,157.380005,147.830002,154.5,154.051376,154357300,103.389999,258.350006,105.220001,12006.9502,15999.40039,1985.530029,18.33,6.7315,3.666,3.532
06/02/2023,152.570007,153.100006,150.779999,151.729996,151.289429,69858300,102.18,256.769989,103.470001,11887.4502,15895.36035,1957.719971,19.43,6.7742,3.814,3.634
07/02/2023,150.639999,155.229996,150.639999,154.649994,154.200943,83322600,102.110001,267.559998,108.040001,12113.79004,16021.62012,1972.609985,18.66,6.794,3.844,3.674
08/02/2023,153.880005,154.580002,151.169998,151.919998,151.478882,64120100,100.050003,266.730011,100,11910.51953,15934.71973,1942.599976,19.629999,6.7912,3.818,3.653
09/02/2023,153.779999,154.330002,150.419998,150.869995,150.431915,56007100,98.239998,263.619995,95.459999,11789.58008,15828.59961,1915.339966,20.709999,6.7882,3.882,3.683
10/02/2023,149.460007,151.339996,149.220001,151.009995,150.801407,57450700,97.610001,263.100006,94.860001,11718.12012,15910.69043,1918.810059,20.530001,6.7797,3.924,3.744
13/02/2023,150.949997,154.259995,150.919998,153.850006,153.637497,62199000,99.540001,271.320007,95,11891.79004,16052.25,1941.140015,20.34,6.8083,3.926,3.717
14/02/2023,152.119995,153.770004,150.860001,153.199997,152.988388,61707600,99.699997,272.170013,94.949997,11960.15039,16025.11035,1939.910034,18.91,6.8219,4.003,3.761
15/02/2023,153.110001,155.5,152.880005,155.330002,155.115448,65573800,101.160004,269.320007,97.099998,12070.58984,16016.08984,1960.969971,18.23,6.8259,4.04,3.809
16/02/2023,153.509995,156.330002,153.350006,153.710007,153.497696,68167900,98.150002,262.149994,95.779999,11855.83008,15873.78027,1942.209961,20.17,6.8519,4.048,3.843
17/02/2023,152.350006,153,150.850006,152.550003,152.339294,59144100,97.199997,258.059998,94.589996,11787.26953,15840.16016,1946.359985,20.02,6.8597,4.036,3.828
21/02/2023,150.199997,151.300003,148.410004,148.479996,148.274902,58867200,94.580002,252.669998,92.050003,11492.29981,15572.51953,1888.209961,22.870001,6.8541,4.175,3.955
22/02/2023,148.869995,149.949997,147.160004,148.910004,148.704315,51011300,95.790001,251.509995,91.800003,11507.07031,15530.83008,1894.680054,22.290001,6.8725,4.151,3.923
23/02/2023,150.089996,150.339996,147.240005,149.399994,149.193634,48394200,95.82,254.770004,91.07,11590.40039,15584.92969,1908.089966,21.139999,6.8913,4.105,3.879
24/02/2023,147.110001,147.190002,145.720001,146.710007,146.507355,55469600,93.5,249.220001,89.349998,11394.94043,15464.45996,1890.48999,21.67,6.907,4.21,3.949
27/02/2023,147.710007,149.169998,147.449997,147.919998,147.715683,44998500,93.760002,250.160004,90.099998,11466.98047,15492.92969,1896.27002,20.950001,6.955,4.173,3.922
28/02/2023,147.050003,149.080002,146.830002,147.410004,147.20639,50547000,94.230003,249.419998,90.300003,11455.54004,15428.96973,1896.98999,20.700001,6.9439,4.168,3.916
01/03/2023,146.830002,147.229996,145.009995,145.309998,145.109283,55479000,92.169998,246.270004,90.510002,11379.48047,15436.29981,1898.430054,20.58,6.9323,4.263,3.994
02/03/2023,144.380005,146.710007,143.899994,145.910004,145.708466,52238100,92.129997,251.110001,92.309998,11462.98047,15524.51953,1902.660034,19.59,6.868,4.325,4.073
03/03/2023,148.039993,151.110001,147.330002,151.029999,150.821381,70732300,94.900002,255.289993,94.019997,11689.00977,15721.05957,1928.26001,18.49,6.9138,4.253,3.964
06/03/2023,153.789993,156.300003,153.460007,153.830002,153.617523,87558000,93.75,256.869995,95.580002,11675.74023,15694.33984,1899.76001,18.610001,6.9068,4.271,3.983
07/03/2023,153.699997,154.029999,151.130005,151.600006,151.39061,56182000,93.550003,254.149994,94.169998,11530.33008,15439.01953,1878.719971,19.59,6.9294,4.315,3.975
08/03/2023,152.809998,153.470001,151.830002,152.869995,152.658844,47204800,93.919998,253.699997,94.650002,11576,15440.63965,1879.47998,19.110001,6.9614,4.336,3.976
09/03/2023,153.559998,154.539993,150.229996,150.589996,150.381989,53833600,92.25,252.320007,92.660004,11338.34961,15140.79004,1826.589966,22.610001,6.9503,4.221,3.925
10/03/2023,150.210007,150.940002,147.610001,148.5,148.294876,68572400,90.730003,248.589996,91.010002,11138.88965,14894.17969,1772.699951,24.799999,6.9636,3.954,3.695
13/03/2023,147.809998,153.139999,147.699997,150.470001,150.262161,84457100,92.43,253.919998,91.660004,11188.83984,14764.37012,1744.300049,26.52,6.9052,3.666,3.515
14/03/2023,151.279999,153.399994,150.100006,152.589996,152.379227,73695900,94.879997,260.790009,94.25,11428.15039,14944.74023,1776.890015,23.73,6.8446,3.798,3.638
15/03/2023,151.190002,153.25,149.919998,152.990005,152.778687,77167900,96.199997,265.440002,96.550003,11434.04981,14662.54981,1745.939941,26.139999,6.8705,3.578,3.492
16/03/2023,152.160004,156.460007,151.639999,155.850006,155.634735,76161100,100.040001,276.200012,101.07,11717.28027,14830.98047,1771.23999,22.99,6.9059,3.742,3.585
17/03/2023,156.080002,156.740005,154.279999,155,154.785904,98944600,98.949997,279.429993,102.459999,11630.50977,14599.04981,1725.890015,25.51,6.8975,3.466,3.395
20/03/2023,155.070007,157.820007,154.149994,157.399994,157.182587,73641400,97.709999,272.230011,101.93,11675.54004,14777.7002,1744.98999,24.15,6.8861,3.575,3.481
21/03/2023,157.320007,159.399994,156.539993,159.279999,159.059982,73938300,100.610001,273.779999,105.839996,11860.11035,14985.9502,1777.73999,21.379999,6.8777,3.746,3.606
22/03/2023,159.300003,162.139999,157.809998,157.830002,157.612,75701800,98.699997,272.290009,104.220001,11669.95996,14741.08008,1727.359985,22.26,6.883,3.573,3.5
23/03/2023,158.830002,161.550003,157.679993,158.929993,158.710464,67622100,98.709999,277.660004,106.260002,11787.40039,14693.01953,1720.290039,22.610001,6.8792,3.417,3.406
24/03/2023,158.860001,160.339996,157.850006,160.25,160.028656,59196500,98.129997,280.570007,106.059998,11823.95996,14758.57031,1734.920044,21.74,6.8184,3.409,3.38
27/03/2023,159.940002,160.770004,157.869995,158.279999,158.061371,52390300,98.040001,276.380005,103.059998,11768.83984,14894.84961,1753.670044,20.6,6.867,3.595,3.528
28/03/2023,157.970001,158.490005,155.979996,157.649994,157.432236,45992200,97.239998,275.230011,101.360001,11716.08008,14949.34961,1752.630005,19.969999,6.8844,3.662,3.564
29/03/2023,159.369995,161.050003,159.350006,160.770004,160.547943,51305700,100.25,280.51001,101.900002,11926.24023,15123.95996,1771.599976,19.120001,6.8733,3.675,3.566
30/03/2023,161.529999,162.470001,161.270004,162.360001,162.135742,49501700,102,284.049988,101.32,12013.46973,15200.58984,1768.380005,19.02,6.8856,3.663,3.551
31/03/2023,162.440002,165,161.910004,164.899994,164.672226,68749800,103.290001,288.299988,104,12221.91016,15374.91016,1802.47998,18.700001,6.8704,3.611,3.494
03/04/2023,164.270004,166.289993,164.220001,166.169998,165.940475,56976200,102.410004,287.230011,104.910004,12189.4502,15487.75977,1802.310059,18.549999,6.868,3.529,3.43
04/04/2023,166.600006,166.839996,165.110001,165.630005,165.40123,46278300,103.949997,287.179993,105.120003,12126.33008,15374.11035,1769.650024,19,6.8773,3.388,3.337
05/04/2023,164.740005,165.050003,161.800003,163.759995,163.533798,51511700,101.099998,284.339996,104.949997,11996.86035,15368.25977,1752.130005,19.08,6.8788,3.344,3.287
06/04/2023,162.429993,164.960007,162,164.660004,164.432556,45390100,102.059998,291.600006,108.900002,12087.95996,15379.12988,1754.459961,18.4,6.8785,3.357,3.288
10/04/2023,161.419998,162.029999,160.080002,162.029999,161.806183,47716900,102.169998,289.390015,106.949997,12084.36035,15427.17969,1772.439941,18.969999,6.8693,3.519,3.415
11/04/2023,162.350006,162.360001,160.509995,160.800003,160.577896,47644200,99.919998,282.829987,106.120003,12031.87988,15520.91992,1786.589966,19.1,6.8811,3.55,3.434
12/04/2023,161.220001,162.059998,159.779999,160.100006,159.87886,50133100,97.830002,283.48999,105.220001,11929.33984,15500.92969,1773.699951,19.09,6.8855,3.476,3.421
13/04/2023,161.630005,165.800003,161.419998,165.559998,165.331314,68445600,102.400002,289.839996,108.190002,12166.26953,15630.88965,1796.680054,17.799999,6.8737,3.507,3.452
14/04/2023,164.589996,166.320007,163.820007,165.210007,164.981812,49386500,102.510002,286.140015,109.459999,12123.46973,15601.78027,1781.150024,17.07,6.8678,3.611,3.522
17/04/2023,165.089996,165.389999,164.029999,165.229996,165.00177,41516200,102.739998,288.799988,106.419998,12157.71973,15668.33984,1802.839966,16.950001,6.8704,3.693,3.591
18/04/2023,166.100006,167.410004,165.649994,166.470001,166.240067,49923000,102.300003,288.369995,105.120003,12153.41016,15684.95996,1795.550049,16.83,6.8788,3.675,3.572
19/04/2023,165.800003,168.160004,165.539993,167.630005,167.398468,47720200,104.300003,288.450012,105.019997,12157.23047,15653.62012,1799.439941,16.459999,6.8749,3.722,3.602
20/04/2023,166.089996,167.869995,165.559998,166.649994,166.4198,52456400,103.809998,286.109985,105.900002,12059.55957,15582.94043,1789.699951,17.17,6.8851,3.64,3.545
21/04/2023,165.050003,166.449997,164.490005,165.020004,164.792068,58337300,106.959999,285.76001,105.910004,12072.45996,15578.92969,1791.51001,16.77,6.8721,3.661,3.57
24/04/2023,165,165.600006,163.889999,165.330002,165.101639,41949600,106.209999,281.769989,106.779999,12037.2002,15606.70996,1788.869995,16.889999,6.8925,3.605,3.515
25/04/2023,165.190002,166.309998,163.729996,163.770004,163.543793,48714100,102.57,275.420013,104.610001,11799.16016,15363.53027,1745.949951,18.76,6.8949,3.442,3.396
26/04/2023,163.059998,165.279999,162.800003,163.759995,163.533798,45498800,104.980003,295.369995,104.449997,11854.34961,15228.58008,1730.410034,18.84,6.9316,3.48,3.432
27/04/2023,165.190002,168.559998,165.190002,168.410004,168.177383,64902300,109.82,304.829987,108.370003,12142.24023,15431.63965,1751.219971,17.030001,6.9258,3.602,3.528
28/04/2023,168.490005,169.850006,167.880005,169.679993,169.445618,55209200,105.449997,307.26001,108.220001,12226.58008,15545.87988,1768.98999,15.78,6.9223,3.536,3.452
01/05/2023,169.279999,170.449997,168.639999,169.589996,169.355743,52472900,102.050003,305.559998,107.709999,12212.59961,15535.88965,1769.209961,16.08,6.9111,3.633,3.574
02/05/2023,170.089996,170.350006,167.539993,168.539993,168.30719,48425700,103.629997,305.410004,105.980003,12080.50977,15314.88965,1732.109985,17.780001,6.911,3.466,3.439
03/05/2023,169.5,170.919998,167.160004,167.449997,167.218704,65136000,103.650002,304.399994,106.120003,12025.33008,15233.84961,1739.280029,18.34,6.9106,3.411,3.403
04/05/2023,164.889999,167.039993,164.309998,165.789993,165.560989,81235400,104,305.410004,105.209999,11966.40039,15117.66992,1718.810059,20.09,6.9106,3.276,3.351
05/05/2023,170.979996,174.300003,170.759995,173.570007,173.330261,113316400,105.660004,310.649994,106.214996,12235.41016,15380.87012,1759.880005,17.190001,6.9057,3.419,3.446
08/05/2023,172.479996,173.850006,172.110001,173.5,173.260345,55962800,105.830002,308.649994,108.239998,12256.91992,15391.26953,1754.469971,16.98,6.9095,3.5,3.521
09/05/2023,173.050003,173.539993,171.600006,171.770004,171.532745,45326900,106.620003,307,107.940002,12179.54981,15352.80957,1749.680054,17.709999,6.9115,3.495,3.521
10/05/2023,173.020004,174.029999,171.899994,173.559998,173.320267,53724500,110.190002,312.309998,112.279999,12306.44043,15349.16992,1759.51001,16.940001,6.9194,3.373,3.439
11/05/2023,173.850006,174.589996,172.169998,173.75,173.51001,49514700,112.18,310.109985,116.900002,12328.50977,15263.07031,1744.709961,16.93,6.9322,3.359,3.397
12/05/2023,173.619995,174.059998,171,172.570007,172.570007,45497800,110.260002,308.970001,117.919998,12284.74023,15246.36035,1740.849976,17.030001,6.9477,3.451,3.463
15/05/2023,173.160004,173.210007,171.470001,172.070007,172.070007,37266700,111.199997,309.459991,116.959999,12365.20996,15322.55957,1761.550049,17.120001,6.9573,3.469,3.508
16/05/2023,171.990005,173.139999,171.800003,172.070007,172.070007,42110300,113.400002,311.73999,120.089996,12343.04981,15129.25,1736.180054,17.99,6.9516,3.522,3.549
17/05/2023,171.710007,172.929993,170.419998,172.690002,172.690002,57951600,115.5,314,121.480003,12500.57031,15313.91992,1774.5,16.870001,6.9766,3.592,3.581
18/05/2023,173,175.240005,172.580002,175.050003,175.050003,65496700,118.150002,318.519989,123.519997,12688.83984,15345.42969,1784.859985,16.049999,6.9971,3.698,3.648
19/05/2023,176.389999,176.389999,174.940002,175.160004,175.160004,55772400,116.25,318.339996,123.25,12657.90039,15324.32031,1773.719971,16.809999,7.0351,3.748,3.692
22/05/2023,173.979996,174.710007,173.449997,174.199997,174.199997,43570900,115.010002,321.179993,125.870003,12720.78027,15318.84961,1795.380005,17.209999,7.0069,3.767,3.719
23/05/2023,173.130005,173.380005,171.279999,171.559998,171.559998,50747300,114.989998,315.26001,123.290001,12560.25,15172.26953,1787.709961,18.530001,7.0309,3.748,3.698
24/05/2023,171.089996,172.419998,170.520004,171.839996,171.839996,45143500,116.75,313.850006,121.639999,12484.16016,15022.88965,1767,20.030001,7.0564,3.782,3.719
25/05/2023,172.410004,173.899994,171.690002,172.990005,172.990005,56058300,115,325.920013,124.349998,12698.08984,14975.96973,1754.599976,19.139999,7.0598,3.896,3.814
26/05/2023,173.320007,175.770004,173.110001,175.429993,175.429993,54835000,120.110001,332.890015,125.43,12975.69043,15078.69043,1773.02002,17.950001,7.0774,3.938,3.81
30/05/2023,176.960007,178.990005,176.570007,177.300003,177.300003,55964400,121.660004,331.209991,124.639999,13017.42969,14994.63965,1767.290039,17.459999,7.0723,3.826,3.7
31/05/2023,177.330002,179.350006,176.759995,177.25,177.25,99625300,120.580002,328.390015,123.370003,12935.29004,14887.13965,1749.650024,17.940001,7.079,3.743,3.637
01/06/2023,177.699997,180.119995,176.929993,180.089996,180.089996,68901800,122.769997,332.579987,124.370003,13100.98047,15031.08984,1767.939941,15.65,7.1108,3.701,3.608
02/06/2023,181.029999,181.779999,179.259995,180.949997,180.949997,61945900,124.25,335.399994,125.230003,13240.76953,15345.19043,1830.910034,14.6,7.093,3.842,3.691
05/06/2023,182.630005,184.949997,178.039993,179.580002,179.580002,121946500,125.300003,335.940002,126.629997,13229.42969,15275.20996,1806.709961,14.73,7.0838,3.83,3.693
06/06/2023,179.970001,180.119995,177.429993,179.210007,179.210007,64848400,126.610001,333.679993,127.910004,13276.41992,15391.79981,1855.400024,13.96,7.105,3.856,3.699
07/06/2023,178.440002,181.210007,177.320007,177.820007,177.820007,61944600,121.230003,323.380005,122.940002,13104.90039,15469.62988,1888.449951,13.94,7.1188,3.919,3.784
08/06/2023,177.899994,180.839996,177.460007,180.570007,180.570007,50214900,124.25,325.26001,122.669998,13238.51953,15502.63965,1880.780029,13.65,7.1288,3.856,3.714
09/06/2023,181.5,182.229996,180.630005,180.960007,180.960007,48870700,123.43,326.790009,122.870003,13259.13965,15499.91016,1865.709961,13.83,7.1112,3.92,3.745
12/06/2023,181.270004,183.889999,180.970001,183.789993,183.789993,54274900,126.57,331.850006,124.349998,13461.91992,15548.46973,1873.209961,15.01,7.1276,3.917,3.765
13/06/2023,182.800003,184.149994,182.440002,183.309998,183.309998,54929100,126.660004,334.290009,124.43,13573.32031,15667.79004,1896.329956,14.61,7.1446,4.021,3.839
14/06/2023,183.369995,184.389999,182.020004,183.949997,183.949997,57462900,126.419998,337.339996,124.379997,13626.48047,15642.73047,1874.099976,13.88,7.1665,4.009,3.796
15/06/2023,183.960007,186.520004,183.779999,186.009995,186.009995,65433200,127.110001,348.100006,125.790001,13782.82031,15826.34961,1889.280029,14.5,7.1626,3.924,3.728
16/06/2023,186.729996,186.990005,184.270004,184.919998,184.919998,101235600,125.489998,342.329987,124.059998,13689.57031,15795.12012,1875.469971,13.54,7.1199,3.992,3.769
20/06/2023,184.410004,186.100006,184.410004,185.009995,185.009995,49799100,125.779999,338.049988,123.849998,13667.29004,15648.91992,1866.699951,13.88,7.1604,3.96,3.729
21/06/2023,184.899994,185.410004,182.589996,183.960007,183.960007,49515700,124.830002,333.559998,121.260002,13502.2002,15657,1863.01001,13.2,7.1808,3.955,3.723
22/06/2023,183.740005,187.050003,183.669998,187,187,51245300,130.149994,339.709991,123.870003,13630.61035,15600.7002,1848.180054,12.91,7.1784,4.046,3.799
23/06/2023,185.550003,187.559998,185.009995,186.679993,186.679993,53079300,129.330002,335.019989,123.019997,13492.51953,15469.34961,1821.630005,13.44,7.1785,3.995,3.739
26/06/2023,186.830002,188.050003,185.229996,185.270004,185.270004,48088700,127.330002,328.600006,119.089996,13335.78027,15518.74023,1823.26001,14.25,7.1785,3.963,3.719
27/06/2023,185.889999,188.389999,185.669998,188.059998,188.059998,50730800,129.179993,334.570007,119.010002,13555.66992,15646.67969,1849.930054,13.74,7.2365,4.034,3.768
28/06/2023,187.929993,189.899994,187.600006,189.25,189.25,51216800,129.039993,335.850006,121.080002,13591.75,15617.36035,1858.709961,13.43,7.2187,3.972,3.71
29/06/2023,189.080002,190.070007,188.940002,189.589996,189.589996,46347300,127.900002,335.049988,120.010002,13591.33008,15737.37988,1881.589966,13.54,7.2434,4.143,3.854
30/06/2023,191.630005,194.479996,191.259995,193.970001,193.970001,85069600,130.360001,340.540009,120.970001,13787.91992,15875.91016,1888.72998,13.59,7.2518,4.133,3.819
03/07/2023,193.779999,193.880005,191.759995,192.460007,192.460007,31458200,130.220001,337.98999,120.559998,13816.76953,15918.5,1896.780029,13.57,7.2424,4.191,3.858
05/07/2023,191.570007,192.979996,190.619995,191.330002,191.330002,46920300,130.380005,338.149994,122.629997,13791.65039,15835.53027,1872.910034,14.18,7.2135,4.255,3.945
06/07/2023,189.839996,192.020004,189.199997,191.809998,191.809998,45094300,128.360001,341.269989,120.93,13679.04004,15641.66992,1842.22998,15.44,7.2464,4.366,4.041
07/07/2023,191.410004,192.669998,190.240005,190.679993,190.679993,46778000,129.779999,337.220001,120.139999,13660.71973,15671.62988,1864.660034,14.83,7.2492,4.337,4.05
10/07/2023,189.259995,189.990005,187.039993,188.610001,188.610001,59922200,127.129997,331.829987,116.870003,13685.48047,15748.87012,1895.25,15.07,7.2113,4.246,4.006
11/07/2023,189.160004,189.300003,186.600006,188.080002,188.080002,46638100,128.779999,332.470001,117.709999,13760.7002,15897.30957,1913.359985,14.84,7.2306,4.239,3.98
12/07/2023,189.679993,191.699997,188.470001,189.770004,189.770004,60750200,130.800003,337.200012,119.620003,13918.95996,16011.28027,1933.380005,13.54,7.2092,4.07,3.861
13/07/2023,190.5,191.190002,189.779999,190.539993,190.539993,41342300,134.300003,342.660004,124.830002,14138.57031,16106.84961,1950.890015,13.61,7.1653,3.935,3.761
14/07/2023,190.229996,191.179993,189.630005,190.690002,190.690002,41573900,134.679993,345.23999,125.699997,14113.7002,16040.23047,1931.089966,13.34,7.15,4.031,3.819
17/07/2023,191.899994,194.320007,191.809998,193.990005,193.990005,50520200,133.559998,345.730011,125.059998,14244.9502,16054.16992,1951.27002,13.48,7.1403,4.001,3.797
18/07/2023,193.350006,194.330002,192.419998,193.729996,193.729996,48353800,132.830002,359.48999,124.080002,14353.63965,16156.50977,1976.069946,13.3,7.1706,4.001,3.789
19/07/2023,193.100006,198.229996,192.649994,195.100006,195.100006,80507300,135.360001,355.079987,122.779999,14358.01953,16230.94043,1984.890015,13.76,7.1793,3.972,3.742
20/07/2023,195.089996,196.470001,192.5,193.130005,193.130005,59581200,129.960007,346.869995,119.529999,14063.30957,16263.70996,1967.160034,13.99,7.2259,4.1,3.854
21/07/2023,194.100006,194.970001,191.229996,191.940002,191.940002,71917800,130,343.769989,120.309998,14032.80957,16289.12012,1960.26001,13.6,7.1765,4.093,3.837
24/07/2023,193.410004,194.910004,192.25,192.75,192.75,45377800,128.800003,345.109985,121.879997,14058.87012,16369.13965,1965.680054,13.91,7.1779,4.127,3.857
25/07/2023,193.330002,194.440002,192.919998,193.619995,193.619995,37283200,129.130005,350.980011,122.790001,14144.55957,16385.16992,1966.109985,13.86,7.1853,4.193,3.912
26/07/2023,193.669998,195.639999,193.320007,194.5,194.5,47471900,128.149994,337.769989,129.660004,14127.28027,16418.21094,1980.359985,13.19,7.1354,4.083,3.851
27/07/2023,196.020004,197.199997,192.550003,193.220001,193.220001,47460200,128.25,330.720001,129.869995,14050.11035,16270.59961,1954.900024,14.41,7.15,4.251,4.012
28/07/2023,194.669998,196.630005,194.139999,195.830002,195.830002,48254600,132.210007,338.369995,133.009995,14316.66016,16363.25977,1981.540039,13.33,7.1731,4.195,3.969
31/07/2023,196.059998,196.490005,195.259995,196.449997,196.449997,38778100,133.679993,335.920013,133.110001,14346.01953,16427.28906,2003.180054,13.63,7.1028,4.179,3.959