Date,Open,High,Low,Close,Adj Close,Volume
2017-07-31,1.836,1.842,1.829,1.832,1.832,0.0
2017-08-01,1.847,1.857,1.798,1.799,1.799,0.0
2017-08-02,1.816,1.831,1.799,1.819,1.819,0.0
2017-08-03,1.806,1.816,1.79,1.79,1.79,0.0
2017-08-04,1.801,1.842,1.798,1.822,1.822,0.0
2017-08-06,,,,,,
2017-08-07,1.832,1.832,1.809,1.812,1.812,0.0
2017-08-08,1.816,1.842,1.811,1.834,1.834,0.0
2017-08-09,1.781,1.807,1.768,1.797,1.797,0.0
2017-08-10,1.801,1.802,1.769,1.781,1.781,0.0
2017-08-11,1.769,1.779,1.74,1.74,1.74,0.0
2017-08-13,,,,,,
2017-08-14,1.768,1.781,1.756,1.771,1.771,0.0
2017-08-15,1.805,1.83,1.799,1.82,1.82,0.0
2017-08-16,1.832,1.837,1.774,1.781,1.781,0.0
2017-08-17,1.795,1.804,1.761,1.762,1.762,0.0
2017-08-18,1.747,1.779,1.728,1.762,1.762,0.0
2017-08-20,,,,,,
2017-08-21,1.749,1.762,1.744,1.751,1.751,0.0
2017-08-22,1.777,1.787,1.772,1.785,1.785,0.0
2017-08-23,1.769,1.769,1.746,1.747,1.747,0.0
2017-08-24,1.764,1.775,1.752,1.775,1.775,0.0
2017-08-25,1.782,1.788,1.752,1.757,1.757,0.0
2017-08-27,,,,,,
2017-08-28,1.762,1.763,1.74,1.742,1.742,0.0
2017-08-29,1.695,1.715,1.672,1.71,1.71,0.0
2017-08-30,1.723,1.736,1.713,1.725,1.725,0.0
2017-08-31,1.728,1.733,1.707,1.707,1.707,0.0
2017-09-01,1.709,1.742,1.676,1.733,1.733,0.0
2017-09-03,,,,,,
2017-09-05,1.709,1.709,1.645,1.646,1.646,0.0
2017-09-06,1.655,1.689,1.643,1.687,1.687,0.0
2017-09-07,1.66,1.666,1.618,1.641,1.641,0.0
2017-09-08,1.62,1.656,1.618,1.641,1.641,0.0
2017-09-10,,,,,,
2017-09-11,1.681,1.711,1.678,1.702,1.702,0.0
2017-09-12,1.724,1.757,1.722,1.747,1.747,0.0
2017-09-13,1.749,1.774,1.744,1.774,1.774,0.0
2017-09-14,1.785,1.81,1.775,1.787,1.787,0.0
2017-09-15,1.796,1.812,1.779,1.804,1.804,0.0
2017-09-17,,,,,,
2017-09-18,1.817,1.832,1.814,1.824,1.824,0.0
2017-09-19,1.814,1.839,1.811,1.832,1.832,0.0
2017-09-20,1.823,1.893,1.818,1.883,1.883,0.0
2017-09-21,1.869,1.888,1.858,1.888,1.888,0.0
2017-09-22,1.863,1.877,1.853,1.872,1.872,0.0
2017-09-24,,,,,,
2017-09-25,1.855,1.867,1.828,1.836,1.836,0.0
2017-09-26,1.845,1.867,1.842,1.85,1.85,0.0
2017-09-27,1.897,1.922,1.894,1.909,1.909,0.0
2017-09-28,1.924,1.933,1.895,1.896,1.896,0.0
2017-09-29,1.901,1.939,1.887,1.928,1.928,0.0
2017-10-01,,,,,,
2017-10-02,1.939,1.944,1.92,1.934,1.934,0.0
2017-10-03,1.934,1.948,1.915,1.925,1.925,0.0
2017-10-04,1.901,1.939,1.901,1.925,1.925,0.0
2017-10-05,1.92,1.954,1.915,1.948,1.948,0.0
2017-10-06,1.964,2.003,1.955,1.969,1.969,0.0
2017-10-08,,,,,,
2017-10-09,1.958,1.958,1.958,1.958,1.958,0.0
2017-10-10,1.953,1.963,1.926,1.945,1.945,0.0
2017-10-11,1.95,1.96,1.938,1.955,1.955,0.0
2017-10-12,1.941,1.955,1.935,1.94,1.94,0.0
2017-10-13,1.95,1.955,1.898,1.906,1.906,0.0
2017-10-15,,,,,,
2017-10-16,1.918,1.956,1.918,1.955,1.955,0.0
2017-10-17,1.951,1.976,1.951,1.956,1.956,0.0
2017-10-18,1.992,1.997,1.98,1.987,1.987,0.0
2017-10-19,1.957,1.98,1.947,1.975,1.975,0.0
2017-10-20,2.002,2.025,1.993,2.02,2.02,0.0
2017-10-22,,,,,,
2017-10-23,2.019,2.02,1.999,2.007,2.007,0.0
2017-10-24,2.031,2.036,2.024,2.027,2.027,0.0
2017-10-25,2.066,2.088,2.044,2.056,2.056,0.0
2017-10-26,2.046,2.074,2.04,2.069,2.069,0.0
2017-10-27,2.079,2.089,2.031,2.043,2.043,0.0
2017-10-29,,,,,,
2017-10-30,2.025,2.026,1.995,1.997,1.997,0.0
2017-10-31,2.002,2.013,2.0,2.01,2.01,0.0
2017-11-01,2.033,2.036,1.998,2.022,2.022,0.0
2017-11-02,2.012,2.018,1.985,2.0,2.0,0.0
2017-11-03,2.007,2.02,1.975,2.005,2.005,0.0
2017-11-05,,,,,,
2017-11-06,1.987,1.997,1.98,1.987,1.987,0.0
2017-11-07,1.99,1.993,1.977,1.983,1.983,0.0
2017-11-08,1.99,2.002,1.98,2.002,2.002,0.0
2017-11-09,2.015,2.027,1.993,2.003,2.003,0.0
2017-11-10,2.033,2.058,2.032,2.055,2.055,0.0
2017-11-12,,,,,,
2017-11-13,2.05,2.075,2.047,2.072,2.072,0.0
2017-11-14,2.068,2.092,2.057,2.065,2.065,0.0
2017-11-15,2.028,2.057,2.02,2.038,2.038,0.0
2017-11-16,2.067,2.07,2.053,2.065,2.065,0.0
2017-11-17,2.068,2.072,2.045,2.062,2.062,0.0
2017-11-19,,,,,,
2017-11-20,2.048,2.094,2.048,2.094,2.094,0.0
2017-11-21,2.097,2.115,2.082,2.107,2.107,0.0
2017-11-22,2.099,2.1,2.043,2.043,2.043,0.0
2017-11-24,2.06,2.069,2.057,2.064,2.064,0.0
2017-11-26,,,,,,
2017-11-27,2.074,2.079,2.045,2.047,2.047,0.0
2017-11-28,2.05,2.073,2.038,2.068,2.068,0.0
2017-11-29,2.088,2.116,2.088,2.093,2.093,0.0
2017-11-30,2.109,2.156,2.104,2.144,2.144,0.0
2017-12-01,2.124,2.171,2.068,2.118,2.118,0.0
2017-12-03,,,,,,
2017-12-04,2.148,2.161,2.139,2.148,2.148,0.0
2017-12-05,2.161,2.173,2.148,2.151,2.151,0.0
2017-12-06,2.118,2.125,2.103,2.12,2.12,0.0
2017-12-07,2.13,2.146,2.111,2.146,2.146,0.0
2017-12-08,2.155,2.16,2.12,2.145,2.145,0.0
2017-12-10,,,,,,
2017-12-11,2.128,2.158,2.127,2.157,2.157,0.0
2017-12-12,2.167,2.185,2.167,2.172,2.172,0.0
2017-12-13,2.199,2.199,2.11,2.11,2.11,0.0
2017-12-14,2.137,2.162,2.128,2.128,2.128,0.0
2017-12-15,2.15,2.177,2.149,2.157,2.157,0.0
2017-12-17,,,,,,
2017-12-18,2.174,2.174,2.151,2.167,2.167,0.0
2017-12-19,2.188,2.23,2.188,2.22,2.22,0.0
2017-12-20,2.23,2.245,2.218,2.242,2.242,0.0
2017-12-21,2.232,2.252,2.23,2.245,2.245,0.0
2017-12-22,2.249,2.256,2.246,2.251,2.251,0.0
2017-12-24,,,,,,
2017-12-26,2.258,2.261,2.237,2.237,2.237,0.0
2017-12-27,2.237,2.237,2.199,2.199,2.199,0.0
2017-12-28,2.231,2.243,2.223,2.234,2.234,0.0
2017-12-29,2.228,2.233,2.206,2.206,2.206,0.0
2017-12-31,,,,,,
2018-01-02,2.228,2.263,2.223,2.25,2.25,0.0
2018-01-03,2.242,2.257,2.228,2.247,2.247,0.0
2018-01-04,2.277,2.292,2.262,2.268,2.268,0.0
2018-01-05,2.28,2.289,2.245,2.285,2.285,0.0
2018-01-07,,,,,,
2018-01-08,2.28,2.294,2.274,2.285,2.285,0.0
2018-01-09,2.285,2.324,2.284,2.324,2.324,0.0
2018-01-10,2.344,2.356,2.328,2.328,2.328,0.0
2018-01-11,2.336,2.341,2.314,2.314,2.314,0.0
2018-01-12,2.333,2.382,2.333,2.347,2.347,0.0
2018-01-14,,,,,,
2018-01-16,2.34,2.367,2.333,2.355,2.355,0.0
2018-01-17,2.376,2.398,2.369,2.394,2.394,0.0
2018-01-18,2.42,2.423,2.403,2.41,2.41,0.0
2018-01-19,2.417,2.437,2.408,2.436,2.436,0.0
2018-01-21,,,,,,
2018-01-22,2.454,2.461,2.432,2.461,2.461,0.0
2018-01-23,2.431,2.432,2.415,2.421,2.421,0.0
2018-01-24,2.439,2.445,2.421,2.441,2.441,0.0
2018-01-25,2.428,2.469,2.42,2.42,2.42,0.0
2018-01-26,2.447,2.482,2.44,2.47,2.47,0.0
2018-01-28,,,,,,
2018-01-29,2.526,2.529,2.494,2.495,2.495,0.0
2018-01-30,2.504,2.512,2.485,2.507,2.507,0.0
2018-01-31,2.504,2.551,2.494,2.524,2.524,0.0
2018-02-01,2.544,2.566,2.522,2.559,2.559,0.0
2018-02-02,2.561,2.621,2.56,2.599,2.599,0.0
2018-02-04,,,,,,
2018-02-05,2.567,2.587,2.521,2.521,2.521,0.0
2018-02-06,2.469,2.518,2.466,2.508,2.508,0.0
2018-02-07,2.524,2.577,2.511,2.565,2.565,0.0
2018-02-08,2.575,2.613,2.531,2.568,2.568,0.0
2018-02-09,2.548,2.577,2.461,2.516,2.516,0.0
2018-02-11,,,,,,
2018-02-12,2.577,2.577,2.54,2.555,2.555,0.0
2018-02-13,2.555,2.559,2.542,2.549,2.549,0.0
2018-02-14,2.539,2.64,2.537,2.64,2.64,0.0
2018-02-15,2.658,2.668,2.622,2.635,2.635,0.0
2018-02-16,2.634,2.645,2.609,2.626,2.626,0.0
2018-02-18,,,,,,
2018-02-20,2.663,2.677,2.648,2.648,2.648,0.0
2018-02-21,2.643,2.679,2.635,2.679,2.679,0.0
2018-02-22,2.667,2.667,2.647,2.652,2.652,0.0
2018-02-23,2.627,2.637,2.605,2.618,2.618,0.0
2018-02-25,,,,,,
2018-02-26,2.595,2.612,2.585,2.607,2.607,0.0
2018-02-27,2.617,2.682,2.605,2.669,2.669,0.0
2018-02-28,2.657,2.674,2.647,2.65,2.65,0.0
2018-03-01,2.612,2.642,2.563,2.575,2.575,0.0
2018-03-02,2.585,2.637,2.585,2.623,2.623,0.0
2018-03-04,,,,,,
2018-03-05,2.603,2.657,2.59,2.644,2.644,0.0
2018-03-06,2.657,2.66,2.625,2.645,2.645,0.0
2018-03-07,2.63,2.65,2.618,2.649,2.649,0.0
2018-03-08,2.65,2.654,2.618,2.633,2.633,0.0
2018-03-09,2.645,2.677,2.633,2.654,2.654,0.0
2018-03-11,,,,,,
2018-03-12,2.664,2.664,2.635,2.635,2.635,0.0
2018-03-13,2.63,2.64,2.603,2.63,2.63,0.0
2018-03-14,2.635,2.645,2.591,2.606,2.606,0.0
2018-03-15,2.606,2.632,2.601,2.622,2.622,0.0
2018-03-16,2.621,2.65,2.621,2.645,2.645,0.0
2018-03-18,,,,,,
2018-03-19,2.671,2.676,2.625,2.642,2.642,0.0
2018-03-20,2.666,2.688,2.666,2.681,2.681,0.0
2018-03-21,2.705,2.734,2.671,2.698,2.698,0.0
2018-03-22,2.659,2.659,2.599,2.632,2.632,0.0
2018-03-23,2.633,2.642,2.611,2.611,2.611,0.0
2018-03-25,,,,,,
2018-03-26,2.644,2.644,2.613,2.635,2.635,0.0
2018-03-27,2.627,2.628,2.579,2.579,2.579,0.0
2018-03-28,2.577,2.607,2.55,2.589,2.589,0.0
2018-03-29,2.586,2.596,2.56,2.562,2.562,0.0
2018-04-01,,,,,,
2018-04-02,2.587,2.596,2.535,2.549,2.549,0.0
2018-04-03,2.574,2.604,2.567,2.604,2.604,0.0
2018-04-04,2.576,2.609,2.569,2.606,2.606,0.0
2018-04-05,2.628,2.645,2.625,2.64,2.64,0.0
2018-04-06,2.628,2.63,2.581,2.589,2.589,0.0
2018-04-08,,,,,,
2018-04-09,2.603,2.623,2.601,2.601,2.601,0.0
2018-04-10,2.616,2.633,2.606,2.625,2.625,0.0
2018-04-11,2.601,2.627,2.583,2.62,2.62,0.0
2018-04-12,2.623,2.671,2.623,2.671,2.671,0.0
2018-04-13,2.673,2.691,2.662,2.676,2.676,0.0
2018-04-15,,,,,,
2018-04-16,2.707,2.708,2.678,2.683,2.683,0.0
2018-04-17,2.688,2.698,2.676,2.678,2.678,0.0
2018-04-18,2.7,2.731,2.698,2.731,2.731,0.0
2018-04-19,2.746,2.772,2.743,2.76,2.76,0.0
2018-04-20,2.759,2.793,2.759,2.793,2.793,0.0
2018-04-22,,,,,,
2018-04-23,2.81,2.829,2.804,2.819,2.819,0.0
2018-04-24,2.83,2.843,2.807,2.811,2.811,0.0
2018-04-25,2.852,2.852,2.826,2.835,2.835,0.0
2018-04-26,2.812,2.829,2.806,2.819,2.819,0.0
2018-04-27,2.802,2.824,2.796,2.801,2.801,0.0
2018-04-29,,,,,,
2018-04-30,2.802,2.807,2.787,2.789,2.789,0.0
2018-05-01,2.812,2.821,2.807,2.821,2.821,0.0
2018-05-02,2.829,2.831,2.797,2.802,2.802,0.0
2018-05-03,2.777,2.787,2.762,2.782,2.782,0.0
2018-05-04,2.77,2.796,2.747,2.78,2.78,0.0
2018-05-06,,,,,,
2018-05-07,2.791,2.794,2.782,2.784,2.784,0.0
2018-05-08,2.794,2.823,2.794,2.808,2.808,0.0
2018-05-09,2.838,2.842,2.826,2.838,2.838,0.0
2018-05-10,2.83,2.835,2.797,2.833,2.833,0.0
2018-05-11,2.831,2.843,2.826,2.838,2.838,0.0
2018-05-13,,,,,,
2018-05-14,2.859,2.859,2.849,2.852,2.852,0.0
2018-05-15,2.879,2.936,2.876,2.925,2.925,0.0
2018-05-16,2.91,2.934,2.907,2.934,2.934,0.0
2018-05-17,2.938,2.941,2.92,2.932,2.932,0.0
2018-05-18,2.926,2.928,2.888,2.892,2.892,0.0
2018-05-20,,,,,,
2018-05-21,2.91,2.91,2.892,2.898,2.898,0.0
2018-05-22,2.909,2.911,2.897,2.899,2.899,0.0
2018-05-23,2.845,2.873,2.828,2.83,2.83,0.0
2018-05-24,2.823,2.826,2.787,2.816,2.816,0.0
2018-05-25,2.792,2.792,2.757,2.764,2.764,0.0
2018-05-27,,,,,,
2018-05-29,2.705,2.721,2.571,2.576,2.576,0.0
2018-05-30,2.679,2.691,2.639,2.673,2.673,0.0
2018-05-31,2.696,2.711,2.661,2.664,2.664,0.0
2018-06-01,2.738,2.77,2.726,2.738,2.738,0.0
2018-06-03,,,,,,
2018-06-04,2.763,2.785,2.753,2.785,2.785,0.0
2018-06-05,2.758,2.782,2.742,2.762,2.762,0.0
2018-06-06,2.797,2.818,2.789,2.813,2.813,0.0
2018-06-07,2.828,2.83,2.725,2.777,2.777,0.0
2018-06-08,2.767,2.784,2.762,2.775,2.775,0.0
2018-06-10,,,,,,
2018-06-11,2.802,2.809,2.794,2.802,2.802,0.0
2018-06-12,2.818,2.826,2.808,2.808,2.808,0.0
2018-06-13,2.813,2.869,2.804,2.84,2.84,0.0
2018-06-14,2.808,2.828,2.799,2.816,2.816,0.0
2018-06-15,2.799,2.803,2.769,2.799,2.799,0.0
2018-06-17,,,,,,
2018-06-18,2.779,2.803,2.779,2.799,2.799,0.0
2018-06-19,2.755,2.769,2.74,2.767,2.767,0.0
2018-06-20,2.775,2.798,2.755,2.796,2.796,0.0
2018-06-21,2.796,2.796,2.758,2.767,2.767,0.0
2018-06-22,2.779,2.789,2.762,2.774,2.774,0.0
2018-06-24,,,,,,
2018-06-25,2.755,2.769,2.736,2.743,2.743,0.0
2018-06-26,2.738,2.758,2.734,2.748,2.748,0.0
2018-06-27,2.734,2.734,2.695,2.697,2.697,0.0
2018-06-28,2.697,2.731,2.697,2.726,2.726,0.0
2018-06-29,2.733,2.74,2.723,2.731,2.731,0.0
2018-07-01,,,,,,
2018-07-02,2.709,2.758,2.708,2.753,2.753,0.0
2018-07-03,2.772,2.772,2.723,2.73,2.73,0.0
2018-07-05,2.747,2.75,2.718,2.741,2.741,0.0
2018-07-06,2.728,2.733,2.706,2.723,2.723,0.0
2018-07-08,,,,,,
2018-07-09,2.755,2.755,2.742,2.752,2.752,0.0
2018-07-10,2.759,2.774,2.754,2.772,2.772,0.0
2018-07-11,2.745,2.766,2.737,2.74,2.74,0.0
2018-07-12,2.769,2.774,2.744,2.755,2.755,0.0
2018-07-13,2.744,2.744,2.725,2.727,2.727,0.0
2018-07-15,,,,,,
2018-07-16,2.756,2.773,2.749,2.754,2.754,0.0
2018-07-17,2.751,2.766,2.745,2.763,2.763,0.0
2018-07-18,2.752,2.768,2.747,2.768,2.768,0.0
2018-07-19,2.781,2.788,2.727,2.74,2.74,0.0
2018-07-20,2.747,2.771,2.735,2.768,2.768,0.0
2018-07-22,,,,,,
2018-07-23,2.754,2.828,2.754,2.828,2.828,0.0
2018-07-24,2.821,2.837,2.816,2.818,2.818,0.0
2018-07-25,2.818,2.825,2.809,2.814,2.814,0.0
2018-07-26,2.846,2.858,2.829,2.858,2.858,0.0
2018-07-27,2.858,2.865,2.841,2.846,2.846,0.0
2018-07-29,,,,,,
2018-07-30,2.865,2.867,2.845,2.85,2.85,0.0
2018-07-31,2.84,2.853,2.833,2.848,2.848,0.0
2018-08-01,2.872,2.887,2.863,2.875,2.875,0.0
2018-08-02,2.857,2.868,2.85,2.853,2.853,0.0
2018-08-03,2.846,2.853,2.814,2.816,2.816,0.0
2018-08-05,,,,,,
2018-08-06,2.826,2.826,2.794,2.806,2.806,0.0
2018-08-07,2.823,2.845,2.823,2.841,2.841,0.0
2018-08-08,2.841,2.848,2.826,2.838,2.838,0.0
2018-08-09,2.828,2.828,2.804,2.813,2.813,0.0
2018-08-10,2.765,2.767,2.725,2.73,2.73,0.0
2018-08-12,,,,,,
2018-08-13,2.73,2.758,2.726,2.747,2.747,0.0
2018-08-14,2.769,2.769,2.752,2.767,2.767,0.0
2018-08-15,2.745,2.75,2.708,2.724,2.724,0.0
2018-08-16,2.748,2.767,2.733,2.748,2.748,0.0
2018-08-17,2.735,2.757,2.724,2.752,2.752,0.0
2018-08-19,,,,,,
2018-08-20,2.736,2.736,2.701,2.702,2.702,0.0
2018-08-21,2.721,2.733,2.711,2.726,2.726,0.0
2018-08-22,2.702,2.718,2.692,2.706,2.706,0.0
2018-08-23,2.709,2.716,2.704,2.714,2.714,0.0
2018-08-24,2.728,2.745,2.717,2.724,2.724,0.0
2018-08-26,,,,,,
2018-08-27,2.729,2.748,2.728,2.745,2.745,0.0
2018-08-28,2.745,2.774,2.745,2.774,2.774,0.0
2018-08-29,2.765,2.789,2.764,2.78,2.78,0.0
2018-08-30,2.772,2.774,2.753,2.755,2.755,0.0
2018-08-31,2.738,2.743,2.726,2.735,2.735,0.0
2018-09-02,,,,,,
2018-09-04,2.743,2.777,2.743,2.775,2.775,0.0
2018-09-05,2.762,2.784,2.757,2.77,2.77,0.0
2018-09-06,2.772,2.772,2.74,2.748,2.748,0.0
2018-09-07,2.757,2.826,2.755,2.823,2.823,0.0
2018-09-09,,,,,,
2018-09-10,2.823,2.828,2.816,2.828,2.828,0.0
2018-09-11,2.845,2.871,2.84,2.869,2.869,0.0
2018-09-12,2.862,2.864,2.85,2.86,2.86,0.0
2018-09-13,2.883,2.884,2.843,2.866,2.866,0.0
2018-09-14,2.891,2.903,2.884,2.898,2.898,0.0
2018-09-16,,,,,,
2018-09-17,2.919,2.919,2.893,2.902,2.902,0.0
2018-09-18,2.902,2.936,2.9,2.936,2.936,0.0
2018-09-19,2.933,2.969,2.933,2.96,2.96,0.0
2018-09-20,2.974,2.977,2.947,2.962,2.962,0.0
2018-09-21,2.957,2.971,2.949,2.954,2.954,0.0
2018-09-23,,,,,,
2018-09-24,2.961,2.976,2.952,2.959,2.959,0.0
2018-09-25,2.978,2.99,2.973,2.983,2.983,0.0
2018-09-26,2.98,2.983,2.955,2.958,2.958,0.0
2018-09-27,2.951,2.97,2.95,2.96,2.96,0.0
2018-09-28,2.934,2.95,2.933,2.948,2.948,0.0
2018-09-30,,,,,,
2018-10-01,2.972,2.972,2.951,2.96,2.96,0.0
2018-10-02,2.953,2.958,2.936,2.944,2.944,0.0
2018-10-03,2.968,3.04,2.963,3.024,3.024,0.0
2018-10-04,3.05,3.066,3.037,3.054,3.054,0.0
2018-10-05,3.059,3.092,3.039,3.071,3.071,0.0
2018-10-07,,,,,,
2018-10-08,3.073,3.073,3.073,3.073,3.073,0.0
2018-10-09,3.075,3.075,3.049,3.057,3.057,0.0
2018-10-10,3.075,3.087,3.054,3.059,3.059,0.0
2018-10-11,3.032,3.034,2.981,2.989,2.989,0.0
2018-10-12,3.018,3.024,2.984,2.994,2.994,0.0
2018-10-14,,,,,,
2018-10-15,3.012,3.018,2.998,3.018,3.018,0.0
2018-10-16,3.03,3.034,3.015,3.017,3.017,0.0
2018-10-17,3.02,3.041,3.008,3.041,3.041,0.0
2018-10-18,3.063,3.072,3.007,3.024,3.024,0.0
2018-10-19,3.039,3.058,3.026,3.052,3.052,0.0
2018-10-21,,,,,,
2018-10-22,3.045,3.052,3.034,3.048,3.048,0.0
2018-10-23,3.002,3.009,2.964,3.009,3.009,0.0
2018-10-24,2.983,2.986,2.954,2.964,2.964,0.0
2018-10-25,2.982,2.99,2.963,2.98,2.98,0.0
2018-10-26,2.924,2.936,2.885,2.907,2.907,0.0
2018-10-28,,,,,,
2018-10-29,2.931,2.949,2.919,2.919,2.919,0.0
2018-10-30,2.951,2.953,2.927,2.939,2.939,0.0
2018-10-31,2.982,2.999,2.97,2.987,2.987,0.0
2018-11-01,2.99,2.997,2.961,2.968,2.968,0.0
2018-11-02,2.987,3.04,2.987,3.038,3.038,0.0
2018-11-04,,,,,,
2018-11-05,3.025,3.031,3.013,3.026,3.026,0.0
2018-11-06,3.023,3.054,3.021,3.05,3.05,0.0
2018-11-07,3.052,3.062,3.038,3.061,3.061,0.0
2018-11-08,3.073,3.095,3.061,3.09,3.09,0.0
2018-11-09,3.073,3.082,3.035,3.044,3.044,0.0
2018-11-11,,,,,,
2018-11-12,3.039,3.039,3.039,3.039,3.039,0.0
2018-11-13,3.013,3.013,2.984,2.987,2.987,0.0
2018-11-14,2.993,3.003,2.919,2.952,2.952,0.0
2018-11-15,2.928,2.953,2.904,2.945,2.945,0.0
2018-11-16,2.929,2.931,2.882,2.894,2.894,0.0
2018-11-18,,,,,,
2018-11-19,2.897,2.907,2.856,2.866,2.866,0.0
2018-11-20,2.856,2.88,2.853,2.87,2.87,0.0
2018-11-21,2.899,2.909,2.885,2.89,2.89,0.0
2018-11-23,2.88,2.882,2.861,2.88,2.88,0.0
2018-11-25,,,,,,
2018-11-26,2.895,2.907,2.888,2.9,2.9,0.0
2018-11-27,2.887,2.902,2.873,2.885,2.885,0.0
2018-11-28,2.894,2.9,2.851,2.856,2.856,0.0
2018-11-29,2.828,2.86,2.823,2.855,2.855,0.0
2018-11-30,2.841,2.851,2.836,2.845,2.845,0.0
2018-12-02,,,,,,
2018-12-03,2.875,2.875,2.829,2.839,2.839,0.0
2018-12-04,2.828,2.834,2.769,2.799,2.799,0.0
2018-12-06,2.76,2.767,2.679,2.748,2.748,0.0
2018-12-07,2.76,2.767,2.696,2.696,2.696,0.0
2018-12-09,,,,,,
2018-12-10,2.711,2.718,2.672,2.709,2.709,0.0
2018-12-11,2.739,2.751,2.707,2.745,2.745,0.0
2018-12-12,2.755,2.775,2.751,2.765,2.765,0.0
2018-12-13,2.765,2.766,2.748,2.756,2.756,0.0
2018-12-14,2.722,2.742,2.712,2.729,2.729,0.0
2018-12-16,,,,,,
2018-12-17,2.725,2.729,2.692,2.693,2.693,0.0
2018-12-18,2.663,2.687,2.649,2.656,2.656,0.0
2018-12-19,2.653,2.715,2.627,2.627,2.627,0.0
2018-12-20,2.637,2.659,2.622,2.653,2.653,0.0
2018-12-21,2.652,2.666,2.64,2.642,2.642,0.0
2018-12-23,,,,,,
2018-12-24,2.608,2.616,2.581,2.581,2.581,0.0
2018-12-26,2.583,2.637,2.567,2.637,2.637,0.0
2018-12-27,2.632,2.632,2.585,2.59,2.59,0.0
2018-12-28,2.607,2.608,2.561,2.573,2.573,0.0
2018-12-30,,,,,,
2018-12-31,2.563,2.571,2.5,2.51,2.51,0.0
2019-01-02,2.489,2.514,2.484,2.503,2.503,0.0
2019-01-03,2.496,2.496,2.368,2.368,2.368,0.0
2019-01-04,2.422,2.499,2.417,2.482,2.482,0.0
2019-01-06,,,,,,
2019-01-07,2.469,2.528,2.464,2.519,2.519,0.0
2019-01-08,2.553,2.571,2.539,2.571,2.571,0.0
2019-01-09,2.596,2.596,2.543,2.559,2.559,0.0
2019-01-10,2.534,2.563,2.522,2.559,2.559,0.0
2019-01-11,2.534,2.536,2.507,2.525,2.525,0.0
2019-01-13,,,,,,
2019-01-14,2.497,2.532,2.497,2.529,2.529,0.0
2019-01-15,2.517,2.539,2.492,2.527,2.527,0.0
2019-01-16,2.549,2.562,2.535,2.547,2.547,0.0
2019-01-17,2.529,2.588,2.525,2.571,2.571,0.0
2019-01-18,2.589,2.635,2.582,2.618,2.618,0.0
2019-01-20,,,,,,
2019-01-22,2.596,2.599,2.56,2.567,2.567,0.0
2019-01-23,2.608,2.611,2.571,2.591,2.591,0.0
2019-01-24,2.549,2.559,2.533,2.547,2.547,0.0
2019-01-25,2.577,2.598,2.567,2.589,2.589,0.0
2019-01-27,,,,,,
2019-01-28,2.606,2.606,2.567,2.581,2.581,0.0
2019-01-29,2.572,2.58,2.544,2.547,2.547,0.0
2019-01-30,2.562,2.567,2.5,2.503,2.503,0.0
2019-01-31,2.485,2.487,2.435,2.44,2.44,0.0
2019-02-01,2.441,2.518,2.441,2.508,2.508,0.0
2019-02-03,,,,,,
2019-02-04,2.517,2.545,2.513,2.535,2.535,0.0
2019-02-05,2.544,2.544,2.503,2.513,2.513,0.0
2019-02-06,2.505,2.51,2.485,2.508,2.508,0.0
2019-02-07,2.47,2.48,2.456,2.458,2.458,0.0
2019-02-08,2.45,2.458,2.429,2.441,2.441,0.0
2019-02-10,,,,,,
2019-02-11,2.46,2.485,2.458,2.475,2.475,0.0
2019-02-12,2.497,2.498,2.478,2.492,2.492,0.0
2019-02-13,2.503,2.535,2.503,2.527,2.527,0.0
2019-02-14,2.507,2.507,2.456,2.473,2.473,0.0
2019-02-15,2.488,2.507,2.485,2.495,2.495,0.0
2019-02-17,,,,,,
2019-02-19,2.493,2.493,2.459,2.47,2.47,0.0
2019-02-20,2.458,2.476,2.454,2.475,2.475,0.0
2019-02-21,2.496,2.518,2.488,2.508,2.508,0.0
2019-02-22,2.503,2.503,2.454,2.468,2.468,0.0
2019-02-24,,,,,,
2019-02-25,2.493,2.5,2.483,2.486,2.486,0.0
2019-02-26,2.464,2.467,2.442,2.443,2.443,0.0
2019-02-27,2.44,2.494,2.44,2.49,2.49,0.0
2019-02-28,2.464,2.529,2.462,2.509,2.509,0.0
2019-03-01,2.538,2.56,2.531,2.556,2.556,0.0
2019-03-03,,,,,,
2019-03-04,2.555,2.561,2.528,2.531,2.531,0.0
2019-03-05,2.551,2.563,2.533,2.533,2.533,0.0
2019-03-06,2.521,2.529,2.484,2.497,2.497,0.0
2019-03-07,2.482,2.484,2.435,2.435,2.435,0.0
2019-03-08,2.432,2.444,2.4,2.425,2.425,0.0
2019-03-10,,,,,,
2019-03-11,2.44,2.451,2.427,2.44,2.44,0.0
2019-03-12,2.456,2.457,2.407,2.414,2.414,0.0
2019-03-13,2.429,2.435,2.414,2.414,2.414,0.0
2019-03-14,2.43,2.442,2.412,2.43,2.43,0.0
2019-03-15,2.427,2.427,2.382,2.4,2.4,0.0
2019-03-17,,,,,,
2019-03-18,2.407,2.417,2.397,2.414,2.414,0.0
2019-03-19,2.415,2.437,2.409,2.425,2.425,0.0
2019-03-20,2.414,2.414,2.319,2.335,2.335,0.0
2019-03-21,2.301,2.35,2.301,2.341,2.341,0.0
2019-03-22,2.276,2.287,2.225,2.255,2.255,0.0
2019-03-24,,,,,,
2019-03-25,2.257,2.26,2.158,2.202,2.202,0.0
2019-03-26,2.233,2.233,2.185,2.193,2.193,0.0
2019-03-27,2.151,2.181,2.133,2.165,2.165,0.0
2019-03-28,2.18,2.221,2.166,2.203,2.203,0.0
2019-03-29,2.24,2.26,2.221,2.243,2.243,0.0
2019-03-31,,,,,,
2019-04-01,2.27,2.318,2.246,2.312,2.312,0.0
2019-04-02,2.288,2.298,2.28,2.292,2.292,0.0
2019-04-03,2.325,2.332,2.31,2.32,2.32,0.0
2019-04-04,2.308,2.327,2.308,2.317,2.317,0.0
2019-04-05,2.342,2.352,2.304,2.312,2.312,0.0
2019-04-07,,,,,,
2019-04-08,2.312,2.329,2.305,2.326,2.326,0.0
2019-04-09,2.324,2.324,2.29,2.304,2.304,0.0
2019-04-10,2.306,2.314,2.265,2.279,2.279,0.0
2019-04-11,2.292,2.319,2.292,2.316,2.316,0.0
2019-04-12,2.362,2.377,2.358,2.375,2.375,0.0
2019-04-14,,,,,,
2019-04-15,2.387,2.394,2.369,2.37,2.37,0.0
2019-04-16,2.389,2.409,2.382,2.408,2.408,0.0
2019-04-17,2.413,2.428,2.391,2.401,2.401,0.0
2019-04-18,2.371,2.395,2.357,2.369,2.369,0.0
2019-04-21,,,,,,
2019-04-22,2.371,2.391,2.369,2.388,2.388,0.0
2019-04-23,2.388,2.39,2.353,2.361,2.361,0.0
2019-04-24,2.327,2.329,2.305,2.315,2.315,0.0
2019-04-25,2.315,2.337,2.31,2.33,2.33,0.0
2019-04-26,2.318,2.342,2.28,2.295,2.295,0.0
2019-04-28,,,,,,
2019-04-29,2.292,2.323,2.288,2.318,2.318,0.0
2019-04-30,2.317,2.335,2.278,2.282,2.282,0.0
2019-05-01,2.285,2.302,2.217,2.298,2.298,0.0
2019-05-02,2.312,2.353,2.308,2.352,2.352,0.0
2019-05-03,2.367,2.384,2.312,2.33,2.33,0.0
2019-05-05,,,,,,
2019-05-06,2.282,2.295,2.272,2.293,2.293,0.0
2019-05-07,2.272,2.277,2.25,2.252,2.252,0.0
2019-05-08,2.242,2.292,2.232,2.285,2.285,0.0
2019-05-09,2.243,2.263,2.215,2.253,2.253,0.0
2019-05-10,2.238,2.255,2.218,2.25,2.25,0.0
2019-05-12,,,,,,
2019-05-13,2.212,2.215,2.17,2.186,2.186,0.0
2019-05-14,2.196,2.21,2.181,2.198,2.198,0.0
2019-05-15,2.145,2.168,2.128,2.153,2.153,0.0
2019-05-16,2.163,2.198,2.161,2.186,2.186,0.0
2019-05-17,2.145,2.195,2.138,2.178,2.178,0.0
2019-05-19,,,,,,
2019-05-20,2.175,2.208,2.168,2.205,2.205,0.0
2019-05-21,2.223,2.238,2.215,2.228,2.228,0.0
2019-05-22,2.206,2.21,2.183,2.189,2.189,0.0
2019-05-23,2.156,2.159,2.082,2.088,2.088,0.0
2019-05-24,2.112,2.131,2.104,2.122,2.122,0.0
2019-05-26,,,,,,
2019-05-28,2.102,2.104,2.069,2.074,2.074,0.0
2019-05-29,2.026,2.046,2.007,2.036,2.036,0.0
2019-05-30,2.068,2.084,2.03,2.031,2.031,0.0
2019-05-31,1.96,1.985,1.923,1.927,1.927,0.0
2019-06-02,,,,,,
2019-06-03,1.888,1.909,1.847,1.847,1.847,0.0
2019-06-04,1.908,1.919,1.868,1.881,1.881,0.0
2019-06-05,1.837,1.876,1.804,1.863,1.863,0.0
2019-06-06,1.853,1.899,1.843,1.884,1.884,0.0
2019-06-07,1.869,1.874,1.791,1.851,1.851,0.0
2019-06-09,,,,,,
2019-06-10,1.899,1.914,1.876,1.912,1.912,0.0
2019-06-11,1.934,1.94,1.906,1.909,1.909,0.0
2019-06-12,1.886,1.896,1.863,1.881,1.881,0.0
2019-06-13,1.861,1.869,1.818,1.83,1.83,0.0
2019-06-14,1.81,1.866,1.808,1.846,1.846,0.0
2019-06-16,,,,,,
2019-06-17,1.851,1.861,1.836,1.847,1.847,0.0
2019-06-18,1.794,1.847,1.785,1.832,1.832,0.0
2019-06-19,1.86,1.875,1.76,1.768,1.768,0.0
2019-06-20,1.722,1.75,1.709,1.738,1.738,0.0
2019-06-21,1.776,1.82,1.767,1.807,1.807,0.0
2019-06-23,,,,,,
2019-06-24,1.769,1.779,1.746,1.753,1.753,0.0
2019-06-25,1.747,1.762,1.71,1.733,1.733,0.0
2019-06-26,1.761,1.8,1.747,1.8,1.8,0.0
2019-06-27,1.793,1.798,1.762,1.763,1.763,0.0
2019-06-28,1.768,1.789,1.753,1.758,1.758,0.0
2019-06-30,,,,,,
2019-07-01,1.783,1.811,1.762,1.796,1.796,0.0
2019-07-02,1.788,1.788,1.74,1.747,1.747,0.0
2019-07-03,1.729,1.745,1.725,1.737,1.737,0.0
2019-07-05,1.762,1.862,1.753,1.842,1.842,0.0
2019-07-07,,,,,,
2019-07-08,1.829,1.844,1.814,1.844,1.844,0.0
2019-07-09,1.869,1.871,1.854,1.867,1.867,0.0
2019-07-10,1.906,1.909,1.814,1.828,1.828,0.0
2019-07-11,1.829,1.889,1.818,1.877,1.877,0.0
2019-07-12,1.876,1.898,1.856,1.858,1.858,0.0
2019-07-14,,,,,,
2019-07-15,1.863,1.864,1.846,1.849,1.849,0.0
2019-07-16,1.861,1.903,1.858,1.883,1.883,0.0
2019-07-17,1.863,1.864,1.828,1.83,1.83,0.0
2019-07-18,1.823,1.843,1.778,1.786,1.786,0.0
2019-07-19,1.8,1.826,1.795,1.805,1.805,0.0
2019-07-21,,,,,,
2019-07-22,1.82,1.82,1.786,1.798,1.798,0.0
2019-07-23,1.81,1.828,1.798,1.825,1.825,0.0
2019-07-24,1.808,1.821,1.792,1.82,1.82,0.0
2019-07-25,1.789,1.872,1.785,1.854,1.854,0.0
2019-07-26,1.849,1.887,1.849,1.862,1.862,0.0
2019-07-28,,,,,,
2019-07-29,1.839,1.842,1.827,1.834,1.834,0.0
2019-07-30,1.835,1.855,1.822,1.844,1.844,0.0
2019-07-31,1.831,1.908,1.806,1.844,1.844,0.0
2019-08-01,1.847,1.847,1.658,1.678,1.678,0.0
2019-08-02,1.662,1.714,1.647,1.668,1.668,0.0
2019-08-04,,,,,,
2019-08-05,1.565,1.59,1.526,1.534,1.534,0.0
2019-08-06,1.557,1.577,1.536,1.546,1.546,0.0
2019-08-07,1.455,1.503,1.416,1.502,1.502,0.0
2019-08-08,1.531,1.594,1.524,1.537,1.537,0.0
2019-08-09,1.543,1.565,1.509,1.563,1.563,0.0
2019-08-11,,,,,,
2019-08-12,1.522,1.532,1.475,1.483,1.483,0.0
2019-08-13,1.509,1.592,1.506,1.569,1.569,0.0
2019-08-14,1.507,1.522,1.476,1.488,1.488,0.0
2019-08-15,1.468,1.507,1.385,1.422,1.422,0.0
2019-08-16,1.432,1.474,1.41,1.412,1.412,0.0
2019-08-18,,,,,,
2019-08-19,1.454,1.474,1.451,1.464,1.464,0.0
2019-08-20,1.448,1.448,1.407,1.433,1.433,0.0
2019-08-21,1.465,1.47,1.434,1.467,1.467,0.0
2019-08-22,1.504,1.508,1.454,1.493,1.493,0.0
2019-08-23,1.491,1.496,1.386,1.411,1.411,0.0
2019-08-25,,,,,,
2019-08-26,1.394,1.435,1.383,1.43,1.43,0.0
2019-08-27,1.406,1.42,1.375,1.394,1.394,0.0
2019-08-28,1.371,1.381,1.355,1.374,1.374,0.0
2019-08-29,1.393,1.426,1.377,1.411,1.411,0.0
2019-08-30,1.424,1.431,1.39,1.391,1.391,0.0
2019-09-01,,,,,,
2019-09-03,1.377,1.4,1.31,1.339,1.339,0.0
2019-09-04,1.356,1.361,1.308,1.315,1.315,0.0
2019-09-05,1.375,1.46,1.374,1.434,1.434,0.0
2019-09-06,1.476,1.476,1.405,1.418,1.418,0.0
2019-09-08,,,,,,
2019-09-09,1.461,1.497,1.449,1.479,1.479,0.0
2019-09-10,1.507,1.565,1.497,1.565,1.565,0.0
2019-09-11,1.585,1.603,1.573,1.592,1.592,0.0
2019-09-12,1.565,1.657,1.537,1.652,1.652,0.0
2019-09-13,1.652,1.752,1.649,1.752,1.752,0.0
2019-09-15,,,,,,
2019-09-16,1.694,1.729,1.691,1.701,1.701,0.0
2019-09-17,1.671,1.704,1.653,1.666,1.666,0.0
2019-09-18,1.631,1.683,1.599,1.661,1.661,0.0
2019-09-19,1.636,1.666,1.633,1.648,1.648,0.0
2019-09-20,1.667,1.669,1.625,1.634,1.634,0.0
2019-09-22,,,,,,
2019-09-23,1.58,1.587,1.54,1.582,1.582,0.0
2019-09-24,1.582,1.584,1.511,1.511,1.511,0.0
2019-09-25,1.534,1.611,1.521,1.607,1.607,0.0
2019-09-26,1.603,1.603,1.559,1.573,1.573,0.0
2019-09-27,1.609,1.609,1.551,1.551,1.551,0.0
2019-09-29,,,,,,
2019-09-30,1.578,1.588,1.546,1.551,1.551,0.0
2019-10-01,1.596,1.621,1.469,1.498,1.498,0.0
2019-10-02,1.48,1.49,1.415,1.43,1.43,0.0
2019-10-03,1.424,1.428,1.321,1.342,1.342,0.0
2019-10-04,1.354,1.381,1.326,1.331,1.331,0.0
2019-10-06,,,,,,
2019-10-07,1.354,1.394,1.345,1.386,1.386,0.0
2019-10-08,1.35,1.386,1.339,1.358,1.358,0.0
2019-10-09,1.371,1.41,1.358,1.409,1.409,0.0
2019-10-10,1.391,1.484,1.383,1.477,1.477,0.0
2019-10-11,1.533,1.584,1.523,1.576,1.576,0.0
2019-10-13,,,,,,
2019-10-14,1.559,1.559,1.559,1.559,1.559,0.0
2019-10-15,1.513,1.605,1.513,1.599,1.599,0.0
2019-10-16,1.564,1.586,1.549,1.569,1.569,0.0
2019-10-17,1.576,1.592,1.548,1.579,1.579,0.0
2019-10-18,1.586,1.586,1.543,1.558,1.558,0.0
2019-10-20,,,,,,
2019-10-21,1.584,1.612,1.576,1.602,1.602,0.0
2019-10-22,1.589,1.626,1.579,1.592,1.592,0.0
2019-10-23,1.556,1.589,1.553,1.586,1.586,0.0
2019-10-24,1.573,1.59,1.557,1.587,1.587,0.0
2019-10-25,1.587,1.644,1.573,1.626,1.626,0.0
2019-10-27,,,,,,
2019-10-28,1.655,1.683,1.654,1.67,1.67,0.0
2019-10-29,1.662,1.672,1.645,1.659,1.659,0.0
2019-10-30,1.655,1.677,1.624,1.637,1.637,0.0
2019-10-31,1.546,1.551,1.513,1.523,1.523,0.0
2019-11-01,1.505,1.575,1.498,1.554,1.554,0.0
2019-11-03,,,,,,
2019-11-04,1.57,1.61,1.57,1.603,1.603,0.0
2019-11-05,1.633,1.682,1.633,1.671,1.671,0.0
2019-11-06,1.644,1.658,1.618,1.628,1.628,0.0
2019-11-07,1.689,1.782,1.682,1.74,1.74,0.0
2019-11-08,1.761,1.761,1.698,1.734,1.734,0.0
2019-11-10,,,,,,
2019-11-11,1.751,1.751,1.751,1.751,1.751,0.0
2019-11-12,1.751,1.757,1.716,1.718,1.718,0.0
2019-11-13,1.696,1.698,1.675,1.678,1.678,0.0
2019-11-14,1.66,1.66,1.612,1.623,1.623,0.0
2019-11-15,1.653,1.658,1.632,1.65,1.65,0.0
2019-11-17,,,,,,
2019-11-18,1.662,1.662,1.614,1.625,1.625,0.0
2019-11-19,1.64,1.642,1.614,1.622,1.622,0.0
2019-11-20,1.589,1.609,1.573,1.584,1.584,0.0
2019-11-21,1.607,1.626,1.596,1.614,1.614,0.0
2019-11-22,1.599,1.629,1.596,1.629,1.629,0.0
2019-11-24,,,,,,
2019-11-25,1.649,1.652,1.611,1.616,1.616,0.0
2019-11-26,1.604,1.604,1.588,1.596,1.596,0.0
2019-11-27,1.598,1.631,1.598,1.626,1.626,0.0
2019-11-29,1.632,1.647,1.618,1.621,1.621,0.0
2019-12-01,,,,,,
2019-12-02,1.664,1.684,1.644,1.659,1.659,0.0
2019-12-03,1.61,1.61,1.518,1.534,1.534,0.0
2019-12-04,1.556,1.613,1.554,1.606,1.606,0.0
2019-12-05,1.597,1.648,1.597,1.623,1.623,0.0
2019-12-06,1.618,1.699,1.615,1.669,1.669,0.0
2019-12-08,,,,,,
2019-12-09,1.661,1.669,1.643,1.668,1.668,0.0
2019-12-10,1.648,1.691,1.645,1.681,1.681,0.0
2019-12-11,1.679,1.686,1.632,1.64,1.64,0.0
2019-12-12,1.635,1.757,1.613,1.734,1.734,0.0
2019-12-13,1.706,1.728,1.648,1.653,1.653,0.0
2019-12-15,,,,,,
2019-12-16,1.683,1.723,1.68,1.721,1.721,0.0
2019-12-17,1.692,1.716,1.687,1.713,1.713,0.0
2019-12-18,1.717,1.752,1.71,1.738,1.738,0.0
2019-12-19,1.758,1.758,1.707,1.72,1.72,0.0
2019-12-20,1.747,1.752,1.725,1.729,1.729,0.0
2019-12-22,,,,,,
2019-12-23,1.731,1.757,1.717,1.754,1.754,0.0
2019-12-24,1.764,1.771,1.721,1.724,1.724,0.0
2019-12-26,1.739,1.745,1.719,1.725,1.725,0.0
2019-12-27,1.714,1.714,1.678,1.678,1.678,0.0
2019-12-29,,,,,,
2019-12-30,1.711,1.729,1.68,1.681,1.681,0.0
2019-12-31,1.678,1.704,1.675,1.693,1.693,0.0
2020-01-02,1.683,1.685,1.634,1.671,1.671,0.0
2020-01-03,1.622,1.634,1.581,1.586,1.586,0.0
2020-01-05,,,,,,
2020-01-06,1.591,1.621,1.575,1.611,1.611,0.0
2020-01-07,1.596,1.62,1.594,1.619,1.619,0.0
2020-01-08,1.617,1.668,1.601,1.665,1.665,0.0
2020-01-09,1.66,1.691,1.648,1.655,1.655,0.0
2020-01-10,1.653,1.676,1.623,1.636,1.636,0.0
2020-01-12,,,,,,
2020-01-13,1.643,1.658,1.641,1.651,1.651,0.0
2020-01-14,1.646,1.656,1.618,1.627,1.627,0.0
2020-01-15,1.608,1.615,1.594,1.602,1.602,0.0
2020-01-16,1.597,1.635,1.595,1.625,1.625,0.0
2020-01-17,1.616,1.649,1.616,1.631,1.631,0.0
2020-01-19,,,,,,
2020-01-21,1.598,1.598,1.572,1.573,1.573,0.0
2020-01-22,1.586,1.588,1.567,1.573,1.573,0.0
2020-01-23,1.552,1.562,1.524,1.555,1.555,0.0
2020-01-24,1.548,1.553,1.489,1.501,1.501,0.0
2020-01-26,,,,,,
2020-01-27,1.433,1.448,1.427,1.435,1.435,0.0
2020-01-28,1.455,1.479,1.44,1.466,1.466,0.0
2020-01-29,1.46,1.46,1.411,1.417,1.417,0.0
2020-01-30,1.393,1.404,1.352,1.38,1.38,0.0
2020-01-31,1.372,1.375,1.325,1.326,1.326,0.0
2020-02-02,,,,,,
2020-02-03,1.367,1.391,1.336,1.343,1.343,0.0
2020-02-04,1.398,1.439,1.396,1.424,1.424,0.0
2020-02-05,1.475,1.476,1.445,1.46,1.46,0.0
2020-02-06,1.452,1.483,1.452,1.46,1.46,0.0
2020-02-07,1.44,1.462,1.396,1.401,1.401,0.0
2020-02-09,,,,,,
2020-02-10,1.391,1.396,1.362,1.367,1.367,0.0
2020-02-11,1.416,1.418,1.395,1.411,1.411,0.0
2020-02-12,1.442,1.452,1.434,1.445,1.445,0.0
2020-02-13,1.421,1.442,1.419,1.439,1.439,0.0
2020-02-14,1.423,1.432,1.401,1.414,1.414,0.0
2020-02-16,,,,,,
2020-02-18,1.378,1.406,1.375,1.393,1.393,0.0
2020-02-19,1.401,1.424,1.395,1.409,1.409,0.0
2020-02-20,1.382,1.395,1.352,1.37,1.37,0.0
2020-02-21,1.342,1.345,1.283,1.318,1.318,0.0
2020-02-23,,,,,,
2020-02-24,1.246,1.25,1.192,1.218,1.218,0.0
2020-02-25,1.211,1.213,1.13,1.156,1.156,0.0
2020-02-26,1.192,1.2,1.122,1.133,1.133,0.0
2020-02-27,1.08,1.136,1.043,1.107,1.107,0.0
2020-02-28,1.008,1.019,0.909,0.913,0.913,0.0
2020-03-01,,,,,,
2020-03-02,0.838,0.872,0.823,0.865,0.865,0.0
2020-03-03,0.904,0.915,0.663,0.768,0.768,0.0
2020-03-04,0.741,0.759,0.689,0.729,0.729,0.0
2020-03-05,0.692,0.692,0.653,0.673,0.673,0.0
2020-03-06,0.534,0.625,0.49,0.557,0.557,0.0
2020-03-08,,,,,,
2020-03-09,0.376,0.524,0.318,0.429,0.429,0.0
2020-03-10,0.574,0.631,0.489,0.614,0.614,0.0
2020-03-11,0.575,0.694,0.55,0.657,0.657,0.0
2020-03-12,0.531,0.651,0.481,0.649,0.649,0.0
2020-03-13,0.695,0.741,0.634,0.717,0.717,0.0
2020-03-15,,,,,,
2020-03-16,0.506,0.569,0.47,0.492,0.492,0.0
2020-03-17,0.517,0.65,0.493,0.65,0.65,0.0
2020-03-18,0.695,0.82,0.648,0.82,0.82,0.0
2020-03-19,0.743,0.789,0.556,0.648,0.648,0.0
2020-03-20,0.599,0.61,0.49,0.52,0.52,0.0
2020-03-22,,,,,,
2020-03-23,0.375,0.472,0.35,0.395,0.395,0.0
2020-03-24,0.437,0.53,0.434,0.496,0.496,0.0
2020-03-25,0.541,0.548,0.483,0.521,0.521,0.0
2020-03-26,0.498,0.521,0.449,0.478,0.478,0.0
2020-03-27,0.473,0.475,0.412,0.426,0.426,0.0
2020-03-29,,,,,,
2020-03-30,0.382,0.399,0.334,0.378,0.378,0.0
2020-03-31,0.389,0.4,0.336,0.375,0.375,0.0
2020-04-01,0.355,0.38,0.339,0.369,0.369,0.0
2020-04-02,0.359,0.386,0.347,0.386,0.386,0.0
2020-04-03,0.375,0.392,0.348,0.367,0.367,0.0
2020-04-05,,,,,,
2020-04-06,0.419,0.444,0.413,0.444,0.444,0.0
2020-04-07,0.483,0.519,0.47,0.483,0.483,0.0
2020-04-08,0.492,0.494,0.438,0.467,0.467,0.0
2020-04-09,0.43,0.465,0.4,0.411,0.411,0.0
2020-04-12,,,,,,
2020-04-13,0.427,0.436,0.412,0.43,0.43,0.0
2020-04-14,0.424,0.43,0.398,0.419,0.419,0.0
2020-04-15,0.377,0.379,0.325,0.339,0.339,0.0
2020-04-16,0.338,0.346,0.316,0.341,0.341,0.0
2020-04-17,0.366,0.366,0.32,0.364,0.364,0.0
2020-04-19,,,,,,
2020-04-20,0.348,0.368,0.339,0.352,0.352,0.0
2020-04-21,0.312,0.344,0.301,0.334,0.334,0.0
2020-04-22,0.345,0.383,0.344,0.364,0.364,0.0
2020-04-23,0.377,0.386,0.359,0.369,0.369,0.0
2020-04-24,0.369,0.381,0.358,0.364,0.364,0.0
2020-04-26,,,,,,
2020-04-27,0.383,0.409,0.383,0.401,0.401,0.0
2020-04-28,0.397,0.397,0.362,0.369,0.369,0.0
2020-04-29,0.35,0.377,0.34,0.362,0.362,0.0
2020-04-30,0.345,0.351,0.325,0.345,0.345,0.0
2020-05-01,0.34,0.372,0.337,0.369,0.369,0.0
2020-05-03,,,,,,
2020-05-04,0.351,0.37,0.35,0.358,0.358,0.0
2020-05-05,0.369,0.378,0.358,0.369,0.369,0.0
2020-05-06,0.386,0.404,0.372,0.377,0.377,0.0
2020-05-07,0.362,0.366,0.294,0.296,0.296,0.0
2020-05-08,0.294,0.329,0.272,0.326,0.326,0.0
2020-05-10,,,,,,
2020-05-11,0.323,0.359,0.313,0.358,0.358,0.0
2020-05-12,0.358,0.373,0.331,0.335,0.335,0.0
2020-05-13,0.321,0.329,0.302,0.315,0.315,0.0
2020-05-14,0.304,0.316,0.291,0.3,0.3,0.0
2020-05-15,0.291,0.316,0.281,0.308,0.308,0.0
2020-05-17,,,,,,
2020-05-18,0.319,0.378,0.315,0.378,0.378,0.0
2020-05-19,0.367,0.378,0.345,0.348,0.348,0.0
2020-05-20,0.343,0.357,0.321,0.33,0.33,0.0
2020-05-21,0.338,0.346,0.326,0.34,0.34,0.0
2020-05-22,0.329,0.337,0.321,0.333,0.333,0.0
2020-05-24,,,,,,
2020-05-26,0.365,0.369,0.346,0.351,0.351,0.0
2020-05-27,0.372,0.372,0.319,0.343,0.343,0.0
2020-05-28,0.337,0.354,0.332,0.346,0.346,0.0
2020-05-29,0.315,0.329,0.304,0.304,0.304,0.0
2020-05-31,,,,,,
2020-06-01,0.31,0.323,0.302,0.302,0.302,0.0
2020-06-02,0.316,0.326,0.302,0.32,0.32,0.0
2020-06-03,0.337,0.385,0.334,0.377,0.377,0.0
2020-06-04,0.367,0.413,0.362,0.404,0.404,0.0
2020-06-05,0.426,0.506,0.423,0.476,0.476,0.0
2020-06-07,,,,,,
2020-06-08,0.468,0.47,0.431,0.454,0.454,0.0
2020-06-09,0.43,0.433,0.401,0.406,0.406,0.0
2020-06-10,0.385,0.387,0.331,0.337,0.337,0.0
2020-06-11,0.309,0.314,0.299,0.302,0.302,0.0
2020-06-12,0.331,0.339,0.314,0.328,0.328,0.0
2020-06-14,,,,,,
2020-06-15,0.314,0.339,0.309,0.328,0.328,0.0
2020-06-16,0.358,0.366,0.33,0.35,0.35,0.0
2020-06-17,0.346,0.354,0.33,0.339,0.339,0.0
2020-06-18,0.325,0.336,0.32,0.328,0.328,0.0
2020-06-19,0.349,0.355,0.315,0.327,0.327,0.0
2020-06-21,,,,,,
2020-06-22,0.33,0.336,0.314,0.335,0.335,0.0
2020-06-23,0.341,0.344,0.325,0.325,0.325,0.0
2020-06-24,0.343,0.346,0.314,0.316,0.316,0.0
2020-06-25,0.319,0.33,0.313,0.327,0.327,0.0
2020-06-26,0.319,0.321,0.293,0.299,0.299,0.0
2020-06-28,,,,,,
2020-06-29,0.3,0.302,0.282,0.282,0.282,0.0
2020-06-30,0.271,0.294,0.266,0.289,0.289,0.0
2020-07-01,0.296,0.319,0.294,0.313,0.313,0.0
2020-07-02,0.313,0.331,0.291,0.294,0.294,0.0
2020-07-05,,,,,,
2020-07-06,0.312,0.32,0.305,0.307,0.307,0.0
2020-07-07,0.304,0.309,0.288,0.293,0.293,0.0
2020-07-08,0.294,0.307,0.288,0.291,0.291,0.0
2020-07-09,0.296,0.298,0.269,0.274,0.274,0.0
2020-07-10,0.269,0.299,0.26,0.298,0.298,0.0
2020-07-12,,,,,,
2020-07-13,0.299,0.312,0.293,0.298,0.298,0.0
2020-07-14,0.291,0.293,0.271,0.282,0.282,0.0
2020-07-15,0.302,0.307,0.277,0.285,0.285,0.0
2020-07-16,0.282,0.283,0.269,0.275,0.275,0.0
2020-07-17,0.269,0.288,0.268,0.282,0.282,0.0
2020-07-19,,,,,,
2020-07-20,0.269,0.288,0.268,0.285,0.285,0.0
2020-07-21,0.284,0.288,0.264,0.271,0.271,0.0
2020-07-22,0.264,0.272,0.26,0.269,0.269,0.0
2020-07-23,0.263,0.274,0.261,0.266,0.266,0.0
2020-07-24,0.271,0.274,0.261,0.274,0.274,0.0
2020-07-26,,,,,,
2020-07-27,0.266,0.287,0.263,0.285,0.285,0.0
2020-07-28,0.278,0.28,0.264,0.266,0.266,0.0
2020-07-29,0.266,0.267,0.252,0.253,0.253,0.0
2020-07-30,0.242,0.244,0.228,0.23,0.23,0.0
2020-07-31,0.217,0.239,0.214,0.215,0.215,0.0
2020-08-02,,,,,,
2020-08-03,0.219,0.23,0.215,0.225,0.225,0.0
2020-08-04,0.214,0.214,0.193,0.195,0.195,0.0
2020-08-05,0.201,0.223,0.201,0.218,0.218,0.0
2020-08-06,0.204,0.217,0.192,0.214,0.214,0.0
2020-08-07,0.212,0.231,0.203,0.229,0.229,0.0
2020-08-09,,,,,,
2020-08-10,0.218,0.234,0.211,0.234,0.234,0.0
2020-08-11,0.258,0.291,0.258,0.291,0.291,0.0
2020-08-12,0.296,0.31,0.283,0.296,0.296,0.0
2020-08-13,0.296,0.322,0.293,0.318,0.318,0.0
2020-08-14,0.309,0.312,0.291,0.299,0.299,0.0
2020-08-16,,,,,,
2020-08-17,0.283,0.29,0.274,0.285,0.285,0.0
2020-08-18,0.283,0.291,0.269,0.279,0.279,0.0
2020-08-19,0.269,0.287,0.264,0.277,0.277,0.0
2020-08-20,0.263,0.272,0.256,0.268,0.268,0.0
2020-08-21,0.258,0.276,0.253,0.272,0.272,0.0
2020-08-23,,,,,,
2020-08-24,0.269,0.282,0.263,0.28,0.28,0.0
2020-08-25,0.301,0.319,0.29,0.292,0.292,0.0
2020-08-26,0.312,0.314,0.288,0.29,0.29,0.0
2020-08-27,0.277,0.313,0.261,0.31,0.31,0.0
2020-08-28,0.296,0.297,0.267,0.275,0.275,0.0
2020-08-30,,,,,,
2020-08-31,0.275,0.283,0.26,0.264,0.264,0.0
2020-09-01,0.269,0.283,0.255,0.255,0.255,0.0
2020-09-02,0.261,0.264,0.248,0.256,0.256,0.0
2020-09-03,0.253,0.258,0.226,0.237,0.237,0.0
2020-09-04,0.25,0.304,0.245,0.304,0.304,0.0
2020-09-06,,,,,,
2020-09-08,0.274,0.282,0.261,0.272,0.272,0.0
2020-09-09,0.275,0.286,0.267,0.279,0.279,0.0
2020-09-10,0.28,0.29,0.263,0.266,0.266,0.0
2020-09-11,0.275,0.277,0.25,0.253,0.253,0.0
2020-09-13,,,,,,
2020-09-14,0.261,0.263,0.248,0.263,0.263,0.0
2020-09-15,0.271,0.272,0.266,0.269,0.269,0.0
2020-09-16,0.264,0.285,0.258,0.274,0.274,0.0
2020-09-17,0.26,0.274,0.248,0.271,0.271,0.0
2020-09-18,0.266,0.28,0.264,0.279,0.279,0.0
2020-09-20,,,,,,
2020-09-21,0.264,0.268,0.255,0.268,0.268,0.0
2020-09-22,0.269,0.272,0.258,0.26,0.26,0.0
2020-09-23,0.272,0.28,0.268,0.271,0.271,0.0
2020-09-24,0.274,0.278,0.271,0.275,0.275,0.0
2020-09-25,0.267,0.271,0.259,0.267,0.267,0.0
2020-09-27,,,,,,
2020-09-28,0.272,0.272,0.263,0.266,0.266,0.0
2020-09-29,0.259,0.263,0.25,0.25,0.25,0.0
2020-09-30,0.248,0.283,0.247,0.272,0.272,0.0
2020-10-01,0.285,0.301,0.266,0.272,0.272,0.0
2020-10-02,0.263,0.291,0.256,0.285,0.285,0.0
2020-10-04,,,,,,
2020-10-05,0.288,0.324,0.288,0.324,0.324,0.0
2020-10-06,0.332,0.337,0.305,0.316,0.316,0.0
2020-10-07,0.339,0.347,0.332,0.344,0.344,0.0
2020-10-08,0.339,0.34,0.323,0.326,0.326,0.0
2020-10-09,0.331,0.345,0.323,0.336,0.336,0.0
2020-10-11,,,,,,
2020-10-12,0.339,0.339,0.339,0.339,0.339,0.0
2020-10-13,0.326,0.326,0.301,0.302,0.302,0.0
2020-10-14,0.301,0.307,0.295,0.302,0.302,0.0
2020-10-15,0.291,0.315,0.287,0.314,0.314,0.0
2020-10-16,0.306,0.322,0.304,0.319,0.319,0.0
2020-10-18,,,,,,
2020-10-19,0.338,0.343,0.325,0.33,0.33,0.0
2020-10-20,0.336,0.347,0.33,0.343,0.343,0.0
2020-10-21,0.359,0.36,0.346,0.351,0.351,0.0
2020-10-22,0.354,0.378,0.349,0.375,0.375,0.0
2020-10-23,0.378,0.385,0.359,0.37,0.37,0.0
2020-10-25,,,,,,
2020-10-26,0.361,0.361,0.343,0.349,0.349,0.0
2020-10-27,0.345,0.345,0.33,0.335,0.335,0.0
2020-10-28,0.324,0.335,0.314,0.333,0.333,0.0
2020-10-29,0.334,0.376,0.334,0.372,0.372,0.0
2020-10-30,0.362,0.388,0.361,0.381,0.381,0.0
2020-11-01,,,,,,
2020-11-02,0.372,0.377,0.362,0.377,0.377,0.0
2020-11-03,0.388,0.404,0.388,0.393,0.393,0.0
2020-11-04,0.35,0.358,0.318,0.323,0.323,0.0
2020-11-05,0.328,0.345,0.318,0.335,0.335,0.0
2020-11-06,0.34,0.375,0.34,0.363,0.363,0.0
2020-11-08,,,,,,
2020-11-09,0.422,0.465,0.411,0.447,0.447,0.0
2020-11-10,0.446,0.462,0.439,0.46,0.46,0.0
2020-11-11,0.454,0.454,0.454,0.454,0.454,0.0
2020-11-12,0.427,0.427,0.392,0.396,0.396,0.0
2020-11-13,0.4,0.409,0.389,0.403,0.403,0.0
2020-11-15,,,,,,
2020-11-16,0.414,0.418,0.402,0.408,0.408,0.0
2020-11-17,0.392,0.395,0.382,0.386,0.386,0.0
2020-11-18,0.382,0.405,0.379,0.399,0.399,0.0
2020-11-19,0.387,0.392,0.378,0.386,0.386,0.0
2020-11-20,0.373,0.384,0.372,0.376,0.376,0.0
2020-11-22,,,,,,
2020-11-23,0.386,0.392,0.38,0.388,0.388,0.0
2020-11-24,0.399,0.402,0.389,0.397,0.397,0.0
2020-11-25,0.394,0.396,0.377,0.389,0.389,0.0
2020-11-27,0.377,0.381,0.367,0.367,0.367,0.0
2020-11-29,,,,,,
2020-11-30,0.375,0.378,0.358,0.362,0.362,0.0
2020-12-01,0.369,0.43,0.369,0.427,0.427,0.0
2020-12-02,0.411,0.435,0.411,0.423,0.423,0.0
2020-12-03,0.415,0.415,0.396,0.405,0.405,0.0
2020-12-04,0.404,0.432,0.392,0.423,0.423,0.0
2020-12-06,,,,,,
2020-12-07,0.405,0.405,0.388,0.389,0.389,0.0
2020-12-08,0.389,0.391,0.373,0.388,0.388,0.0
2020-12-09,0.405,0.416,0.397,0.408,0.408,0.0
2020-12-10,0.397,0.405,0.383,0.383,0.383,0.0
2020-12-11,0.372,0.372,0.35,0.361,0.361,0.0
2020-12-13,,,,,,
2020-12-14,0.385,0.388,0.356,0.358,0.358,0.0
2020-12-15,0.365,0.377,0.364,0.375,0.375,0.0
2020-12-16,0.388,0.393,0.367,0.37,0.37,0.0
2020-12-17,0.373,0.388,0.353,0.377,0.377,0.0
2020-12-18,0.37,0.383,0.367,0.381,0.381,0.0
2020-12-20,,,,,,
2020-12-21,0.353,0.386,0.349,0.383,0.383,0.0
2020-12-22,0.378,0.378,0.362,0.364,0.364,0.0
2020-12-23,0.362,0.388,0.362,0.377,0.377,0.0
2020-12-24,0.37,0.37,0.362,0.364,0.364,0.0
2020-12-27,,,,,,
2020-12-28,0.378,0.385,0.362,0.364,0.364,0.0
2020-12-29,0.386,0.386,0.373,0.378,0.378,0.0
2020-12-30,0.381,0.381,0.369,0.37,0.37,0.0
2020-12-31,0.367,0.373,0.358,0.361,0.361,0.0
2021-01-03,,,,,,
2021-01-04,0.367,0.38,0.351,0.354,0.354,0.0
2021-01-05,0.362,0.381,0.353,0.377,0.377,0.0
2021-01-06,0.404,0.442,0.402,0.432,0.432,0.0
2021-01-07,0.437,0.459,0.437,0.454,0.454,0.0
2021-01-08,0.463,0.49,0.459,0.479,0.479,0.0
2021-01-10,,,,,,
2021-01-11,0.485,0.499,0.475,0.498,0.498,0.0
2021-01-12,0.522,0.533,0.498,0.503,0.503,0.0
2021-01-13,0.504,0.508,0.469,0.476,0.476,0.0
2021-01-14,0.484,0.484,0.456,0.484,0.484,0.0
2021-01-15,0.466,0.477,0.45,0.455,0.455,0.0
2021-01-17,,,,,,
2021-01-19,0.469,0.474,0.445,0.449,0.449,0.0
2021-01-20,0.461,0.461,0.445,0.449,0.449,0.0
2021-01-21,0.457,0.468,0.444,0.447,0.447,0.0
2021-01-22,0.439,0.444,0.431,0.434,0.434,0.0
2021-01-24,,,,,,
2021-01-25,0.422,0.426,0.404,0.41,0.41,0.0
2021-01-26,0.418,0.418,0.407,0.412,0.412,0.0
2021-01-27,0.415,0.415,0.4,0.407,0.407,0.0
2021-01-28,0.408,0.442,0.408,0.43,0.43,0.0
2021-01-29,0.443,0.456,0.426,0.443,0.443,0.0
2021-01-31,,,,,,
2021-02-01,0.427,0.432,0.413,0.424,0.424,0.0
2021-02-02,0.442,0.446,0.437,0.445,0.445,0.0
2021-02-03,0.459,0.464,0.45,0.459,0.459,0.0
2021-02-04,0.465,0.475,0.456,0.459,0.459,0.0
2021-02-05,0.475,0.482,0.447,0.467,0.467,0.0
2021-02-07,,,,,,
2021-02-08,0.482,0.483,0.464,0.475,0.475,0.0
2021-02-09,0.474,0.482,0.466,0.474,0.474,0.0
2021-02-10,0.483,0.485,0.455,0.456,0.456,0.0
2021-02-11,0.456,0.464,0.447,0.461,0.461,0.0
2021-02-12,0.471,0.487,0.469,0.485,0.485,0.0
2021-02-14,,,,,,
2021-02-16,0.514,0.562,0.514,0.561,0.561,0.0
2021-02-17,0.58,0.596,0.543,0.566,0.566,0.0
2021-02-18,0.561,0.572,0.542,0.548,0.548,0.0
2021-02-19,0.568,0.59,0.561,0.581,0.581,0.0
2021-02-21,,,,,,
2021-02-22,0.602,0.603,0.574,0.597,0.597,0.0
2021-02-23,0.584,0.6,0.568,0.579,0.579,0.0
2021-02-24,0.599,0.626,0.592,0.612,0.612,0.0
2021-02-25,0.68,0.865,0.672,0.802,0.802,0.0
2021-02-26,0.789,0.831,0.754,0.776,0.776,0.0
2021-02-28,,,,,,
2021-03-01,0.731,0.735,0.696,0.711,0.711,0.0
2021-03-02,0.709,0.714,0.667,0.675,0.675,0.0
2021-03-03,0.712,0.748,0.703,0.727,0.727,0.0
2021-03-04,0.724,0.787,0.708,0.782,0.782,0.0
2021-03-05,0.798,0.847,0.769,0.785,0.785,0.0
2021-03-07,,,,,,
2021-03-08,0.833,0.852,0.821,0.85,0.85,0.0
2021-03-09,0.821,0.842,0.81,0.821,0.821,0.0
2021-03-10,0.828,0.833,0.781,0.792,0.792,0.0
2021-03-11,0.757,0.802,0.757,0.778,0.778,0.0
2021-03-12,0.827,0.858,0.822,0.847,0.847,0.0
2021-03-14,,,,,,
2021-03-15,0.845,0.845,0.822,0.831,0.831,0.0
2021-03-16,0.818,0.829,0.808,0.824,0.824,0.0
2021-03-17,0.85,0.862,0.776,0.78,0.78,0.0
2021-03-18,0.862,0.9,0.859,0.869,0.869,0.0
2021-03-19,0.848,0.9,0.845,0.881,0.881,0.0
2021-03-21,,,,,,
2021-03-22,0.86,0.868,0.848,0.86,0.86,0.0
2021-03-23,0.827,0.843,0.825,0.829,0.829,0.0
2021-03-24,0.819,0.835,0.811,0.814,0.814,0.0
2021-03-25,0.825,0.848,0.808,0.819,0.819,0.0
2021-03-26,0.856,0.862,0.835,0.856,0.856,0.0
2021-03-28,,,,,,
2021-03-29,0.84,0.899,0.838,0.891,0.891,0.0
2021-03-30,0.925,0.938,0.905,0.91,0.91,0.0
2021-03-31,0.91,0.943,0.905,0.938,0.938,0.0
2021-04-01,0.925,0.925,0.89,0.907,0.907,0.0
2021-04-04,,,,,,
2021-04-05,0.987,0.988,0.933,0.941,0.941,0.0
2021-04-06,0.917,0.919,0.866,0.872,0.872,0.0
2021-04-07,0.864,0.874,0.843,0.856,0.856,0.0
2021-04-08,0.856,0.858,0.837,0.84,0.84,0.0
2021-04-09,0.881,0.903,0.853,0.868,0.868,0.0
2021-04-11,,,,,,
2021-04-12,0.881,0.898,0.872,0.89,0.89,0.0
2021-04-13,0.898,0.911,0.84,0.84,0.84,0.0
2021-04-14,0.853,0.874,0.85,0.86,0.86,0.0
2021-04-15,0.842,0.85,0.792,0.792,0.792,0.0
2021-04-16,0.818,0.84,0.816,0.821,0.821,0.0
2021-04-18,,,,,,
2021-04-19,0.834,0.857,0.823,0.831,0.831,0.0
2021-04-20,0.824,0.836,0.79,0.795,0.795,0.0
2021-04-21,0.799,0.813,0.784,0.802,0.802,0.0
2021-04-22,0.815,0.829,0.795,0.802,0.802,0.0
2021-04-23,0.794,0.828,0.784,0.816,0.816,0.0
2021-04-25,,,,,,
2021-04-26,0.841,0.843,0.815,0.831,0.831,0.0
2021-04-27,0.857,0.885,0.849,0.878,0.878,0.0
2021-04-28,0.889,0.909,0.859,0.864,0.864,0.0
2021-04-29,0.891,0.909,0.867,0.867,0.867,0.0
2021-04-30,0.867,0.877,0.851,0.857,0.857,0.0
2021-05-02,,,,,,
2021-05-03,0.87,0.87,0.816,0.829,0.829,0.0
2021-05-04,0.83,0.83,0.792,0.821,0.821,0.0
2021-05-05,0.829,0.845,0.803,0.803,0.803,0.0
2021-05-06,0.793,0.805,0.785,0.797,0.797,0.0
2021-05-07,0.805,0.805,0.718,0.771,0.771,0.0
2021-05-09,,,,,,
2021-05-10,0.76,0.787,0.755,0.782,0.782,0.0
2021-05-11,0.787,0.808,0.785,0.801,0.801,0.0
2021-05-12,0.8,0.869,0.8,0.864,0.864,0.0
2021-05-13,0.861,0.871,0.829,0.837,0.837,0.0
2021-05-14,0.811,0.831,0.803,0.816,0.816,0.0
2021-05-16,,,,,,
2021-05-17,0.819,0.834,0.818,0.829,0.829,0.0
2021-05-18,0.824,0.836,0.819,0.819,0.819,0.0
2021-05-19,0.829,0.873,0.802,0.863,0.863,0.0
2021-05-20,0.847,0.849,0.815,0.815,0.815,0.0
2021-05-21,0.81,0.833,0.807,0.828,0.828,0.0
2021-05-23,,,,,,
2021-05-24,0.815,0.821,0.805,0.807,0.807,0.0
2021-05-25,0.797,0.805,0.773,0.774,0.774,0.0
2021-05-26,0.773,0.787,0.769,0.778,0.778,0.0
2021-05-27,0.824,0.832,0.814,0.814,0.814,0.0
2021-05-28,0.82,0.827,0.787,0.788,0.788,0.0
2021-05-30,,,,,,
2021-06-01,0.819,0.827,0.806,0.809,0.809,0.0
2021-06-02,0.804,0.804,0.788,0.796,0.796,0.0
2021-06-03,0.809,0.845,0.809,0.845,0.845,0.0
2021-06-04,0.848,0.851,0.782,0.784,0.784,0.0
2021-06-06,,,,,,
2021-06-07,0.801,0.805,0.789,0.793,0.793,0.0
2021-06-08,0.769,0.776,0.756,0.766,0.766,0.0
2021-06-09,0.75,0.758,0.724,0.745,0.745,0.0
2021-06-10,0.764,0.797,0.731,0.731,0.731,0.0
2021-06-11,0.728,0.752,0.726,0.748,0.748,0.0
2021-06-13,,,,,,
2021-06-14,0.75,0.789,0.747,0.787,0.787,0.0
2021-06-15,0.779,0.792,0.771,0.785,0.785,0.0
2021-06-16,0.779,0.912,0.773,0.882,0.882,0.0
2021-06-17,0.9,0.907,0.866,0.879,0.879,0.0
2021-06-18,0.884,0.963,0.87,0.886,0.886,0.0
2021-06-20,,,,,,
2021-06-21,0.894,0.925,0.878,0.884,0.884,0.0
2021-06-22,0.878,0.883,0.855,0.859,0.859,0.0
2021-06-23,0.855,0.886,0.852,0.88,0.88,0.0
2021-06-24,0.896,0.915,0.888,0.907,0.907,0.0
2021-06-25,0.913,0.939,0.897,0.93,0.93,0.0
2021-06-27,,,,,,
2021-06-28,0.909,0.912,0.891,0.896,0.896,0.0
2021-06-29,0.91,0.92,0.889,0.891,0.891,0.0
2021-06-30,0.875,0.888,0.869,0.873,0.873,0.0
2021-07-01,0.896,0.912,0.883,0.902,0.902,0.0
2021-07-02,0.894,0.925,0.857,0.859,0.859,0.0
2021-07-04,,,,,,
2021-07-06,0.856,0.861,0.789,0.809,0.809,0.0
2021-07-07,0.787,0.814,0.777,0.78,0.78,0.0
2021-07-08,0.755,0.768,0.726,0.736,0.736,0.0
2021-07-09,0.771,0.788,0.764,0.787,0.787,0.0
2021-07-11,,,,,,
2021-07-12,0.777,0.811,0.772,0.796,0.796,0.0
2021-07-13,0.787,0.854,0.782,0.848,0.848,0.0
2021-07-14,0.828,0.833,0.798,0.799,0.799,0.0
2021-07-15,0.791,0.809,0.766,0.775,0.775,0.0
2021-07-16,0.796,0.819,0.773,0.778,0.778,0.0
2021-07-18,,,,,,
2021-07-19,0.732,0.732,0.669,0.69,0.69,0.0
2021-07-20,0.675,0.696,0.631,0.674,0.674,0.0
2021-07-21,0.698,0.736,0.687,0.731,0.731,0.0
2021-07-22,0.733,0.739,0.694,0.712,0.712,0.0
2021-07-23,0.731,0.741,0.709,0.718,0.718,0.0
2021-07-25,,,,,,
2021-07-26,0.694,0.723,0.689,0.713,0.713,0.0
2021-07-27,0.7,0.704,0.684,0.694,0.694,0.0
2021-07-28,0.73,0.762,0.714,0.74,0.74,0.0
2021-07-29,0.734,0.75,0.714,0.73,0.73,0.0
2021-07-30,0.703,0.714,0.694,0.703,0.703,0.0
2021-08-01,,,,,,
2021-08-02,0.684,0.687,0.638,0.651,0.651,0.0
2021-08-03,0.659,0.66,0.633,0.651,0.651,0.0
2021-08-04,0.612,0.697,0.606,0.675,0.675,0.0
2021-08-05,0.687,0.732,0.684,0.719,0.719,0.0
2021-08-06,0.739,0.776,0.734,0.765,0.765,0.0
2021-08-08,,,,,,
2021-08-09,0.755,0.797,0.745,0.792,0.792,0.0
2021-08-10,0.799,0.823,0.79,0.823,0.823,0.0
2021-08-11,0.844,0.849,0.784,0.802,0.802,0.0
2021-08-12,0.808,0.831,0.807,0.831,0.831,0.0
2021-08-13,0.822,0.828,0.786,0.788,0.788,0.0
2021-08-15,,,,,,
2021-08-16,0.767,0.775,0.728,0.751,0.751,0.0
2021-08-17,0.726,0.775,0.725,0.764,0.764,0.0
2021-08-18,0.772,0.806,0.762,0.778,0.778,0.0
2021-08-19,0.751,0.769,0.743,0.765,0.765,0.0
2021-08-20,0.757,0.792,0.756,0.785,0.785,0.0
2021-08-22,,,,,,
2021-08-23,0.788,0.795,0.772,0.772,0.772,0.0
2021-08-24,0.774,0.795,0.771,0.793,0.793,0.0
2021-08-25,0.803,0.831,0.789,0.819,0.819,0.0
2021-08-26,0.846,0.859,0.833,0.843,0.843,0.0
2021-08-27,0.841,0.864,0.795,0.8,0.8,0.0
2021-08-29,,,,,,
2021-08-30,0.795,0.8,0.769,0.771,0.771,0.0
2021-08-31,0.776,0.784,0.763,0.772,0.772,0.0
2021-09-01,0.779,0.788,0.76,0.78,0.78,0.0
2021-09-02,0.764,0.779,0.761,0.776,0.776,0.0
2021-09-03,0.776,0.792,0.745,0.785,0.785,0.0
2021-09-05,,,,,,
2021-09-07,0.811,0.829,0.809,0.819,0.819,0.0
2021-09-08,0.808,0.824,0.8,0.806,0.806,0.0
2021-09-09,0.814,0.819,0.774,0.787,0.787,0.0
2021-09-10,0.8,0.826,0.797,0.816,0.816,0.0
2021-09-12,,,,,,
2021-09-13,0.821,0.821,0.795,0.805,0.805,0.0
2021-09-14,0.824,0.826,0.768,0.779,0.779,0.0
2021-09-15,0.784,0.811,0.776,0.8,0.8,0.0
2021-09-16,0.81,0.848,0.806,0.834,0.834,0.0
2021-09-17,0.85,0.883,0.849,0.866,0.866,0.0
2021-09-19,,,,,,
2021-09-20,0.821,0.842,0.811,0.821,0.821,0.0
2021-09-21,0.831,0.834,0.81,0.829,0.829,0.0
2021-09-22,0.844,0.875,0.82,0.872,0.872,0.0
2021-09-23,0.883,0.934,0.883,0.929,0.929,0.0
2021-09-24,0.937,0.963,0.937,0.957,0.957,0.0
2021-09-26,,,,,,
2021-09-27,0.985,0.993,0.967,0.983,0.983,0.0
2021-09-28,1.026,1.042,1.002,1.023,1.023,0.0
2021-09-29,1.002,1.021,0.989,1.012,1.012,0.0
2021-09-30,1.012,1.026,0.984,0.997,0.997,0.0
2021-10-01,0.973,0.978,0.934,0.941,0.941,0.0
2021-10-03,,,,,,
2021-10-04,0.946,0.965,0.931,0.944,0.944,0.0
2021-10-05,0.962,0.989,0.962,0.978,0.978,0.0
2021-10-06,0.999,0.999,0.973,0.985,0.985,0.0
2021-10-07,0.993,1.02,0.993,1.019,1.019,0.0
2021-10-08,1.025,1.06,0.996,1.048,1.048,0.0
2021-10-10,,,,,,
2021-10-11,1.06,1.06,1.06,1.06,1.06,0.0
2021-10-12,1.068,1.092,1.06,1.074,1.074,0.0
2021-10-13,1.073,1.127,1.048,1.087,1.087,0.0
2021-10-14,1.068,1.068,1.042,1.05,1.05,0.0
2021-10-15,1.07,1.122,1.067,1.122,1.122,0.0
2021-10-17,,,,,,
2021-10-18,1.17,1.193,1.144,1.162,1.162,0.0
2021-10-19,1.136,1.162,1.136,1.157,1.157,0.0
2021-10-20,1.142,1.159,1.131,1.147,1.147,0.0
2021-10-21,1.185,1.218,1.175,1.212,1.212,0.0
2021-10-22,1.242,1.247,1.192,1.211,1.211,0.0
2021-10-24,,,,,,
2021-10-25,1.201,1.214,1.165,1.176,1.176,0.0
2021-10-26,1.171,1.204,1.171,1.183,1.183,0.0
2021-10-27,1.171,1.216,1.13,1.138,1.138,0.0
2021-10-28,1.182,1.216,1.141,1.188,1.188,0.0
2021-10-29,1.217,1.251,1.183,1.188,1.188,0.0
2021-10-31,,,,,,
2021-11-01,1.219,1.227,1.177,1.198,1.198,0.0
2021-11-02,1.165,1.17,1.123,1.149,1.149,0.0
2021-11-03,1.141,1.222,1.14,1.185,1.185,0.0
2021-11-04,1.144,1.154,1.09,1.104,1.104,0.0
2021-11-05,1.119,1.146,1.049,1.054,1.054,0.0
2021-11-07,,,,,,
2021-11-08,1.091,1.123,1.067,1.12,1.12,0.0
2021-11-09,1.098,1.101,1.06,1.068,1.068,0.0
2021-11-10,1.117,1.223,1.112,1.214,1.214,0.0
2021-11-11,1.221,1.221,1.221,1.221,1.221,0.0
2021-11-12,1.241,1.244,1.206,1.236,1.236,0.0
2021-11-14,,,,,,
2021-11-15,1.208,1.259,1.205,1.257,1.257,0.0
2021-11-16,1.246,1.283,1.242,1.267,1.267,0.0
2021-11-17,1.27,1.275,1.229,1.236,1.236,0.0
2021-11-18,1.236,1.252,1.212,1.223,1.223,0.0
2021-11-19,1.154,1.218,1.151,1.203,1.203,0.0
2021-11-21,,,,,,
2021-11-22,1.248,1.314,1.24,1.31,1.31,0.0
2021-11-23,1.351,1.352,1.321,1.334,1.334,0.0
2021-11-24,1.339,1.378,1.329,1.344,1.344,0.0
2021-11-26,1.224,1.231,1.163,1.169,1.169,0.0
2021-11-28,,,,,,
2021-11-29,1.231,1.231,1.171,1.185,1.185,0.0
2021-11-30,1.103,1.216,1.078,1.15,1.15,0.0
2021-12-01,1.208,1.223,1.153,1.155,1.155,0.0
2021-12-02,1.171,1.226,1.161,1.208,1.208,0.0
2021-12-03,1.193,1.234,1.124,1.124,1.124,0.0
2021-12-05,,,,,,
2021-12-06,1.176,1.216,1.158,1.213,1.213,0.0
2021-12-07,1.237,1.26,1.231,1.257,1.257,0.0
2021-12-08,1.265,1.292,1.252,1.261,1.261,0.0
2021-12-09,1.244,1.268,1.231,1.257,1.257,0.0
2021-12-10,1.292,1.302,1.217,1.252,1.252,0.0
2021-12-12,,,,,,
2021-12-13,1.252,1.258,1.195,1.213,1.213,0.0
2021-12-14,1.23,1.25,1.217,1.234,1.234,0.0
2021-12-15,1.235,1.297,1.222,1.261,1.261,0.0
2021-12-16,1.222,1.229,1.17,1.173,1.173,0.0
2021-12-17,1.157,1.193,1.142,1.177,1.177,0.0
2021-12-19,,,,,,
2021-12-20,1.142,1.165,1.125,1.164,1.164,0.0
2021-12-21,1.185,1.239,1.185,1.235,1.235,0.0
2021-12-22,1.235,1.243,1.212,1.222,1.222,0.0
2021-12-23,1.235,1.248,1.224,1.243,1.243,0.0
2021-12-26,,,,,,
2021-12-27,1.255,1.258,1.239,1.252,1.252,0.0
2021-12-28,1.255,1.257,1.237,1.245,1.245,0.0
2021-12-29,1.268,1.31,1.268,1.294,1.294,0.0
2021-12-30,1.282,1.3,1.274,1.274,1.274,0.0
2021-12-31,1.263,1.269,1.25,1.263,1.263,0.0
2022-01-02,,,,,,
2022-01-03,1.3,1.367,1.297,1.365,1.365,0.0
2022-01-04,1.385,1.398,1.365,1.375,1.375,0.0
2022-01-05,1.374,1.437,1.367,1.433,1.433,0.0
2022-01-06,1.462,1.482,1.454,1.477,1.477,0.0
2022-01-07,1.481,1.525,1.464,1.505,1.505,0.0
2022-01-09,,,,,,
2022-01-10,1.519,1.553,1.51,1.538,1.538,0.0
2022-01-11,1.534,1.558,1.502,1.507,1.507,0.0
2022-01-12,1.497,1.511,1.476,1.493,1.493,0.0
2022-01-13,1.514,1.521,1.479,1.481,1.481,0.0
2022-01-14,1.495,1.551,1.472,1.548,1.548,0.0
2022-01-16,,,,,,
2022-01-18,1.621,1.656,1.6,1.648,1.648,0.0
2022-01-19,1.643,1.655,1.603,1.611,1.611,0.0
2022-01-20,1.61,1.622,1.597,1.618,1.618,0.0
2022-01-21,1.56,1.572,1.527,1.547,1.547,0.0
2022-01-23,,,,,,
2022-01-24,1.536,1.537,1.494,1.514,1.514,0.0
2022-01-25,1.552,1.567,1.519,1.566,1.566,0.0
2022-01-26,1.578,1.662,1.559,1.65,1.65,0.0
2022-01-27,1.676,1.685,1.634,1.662,1.662,0.0
2022-01-28,1.683,1.691,1.614,1.624,1.624,0.0
2022-01-30,,,,,,
2022-01-31,1.649,1.654,1.606,1.614,1.614,0.0
2022-02-01,1.587,1.651,1.585,1.624,1.624,0.0
2022-02-02,1.611,1.634,1.58,1.6,1.6,0.0
2022-02-03,1.624,1.672,1.624,1.661,1.661,0.0
2022-02-04,1.662,1.79,1.659,1.788,1.788,0.0
2022-02-06,,,,,,
2022-02-07,1.768,1.788,1.757,1.765,1.765,0.0
2022-02-08,1.792,1.817,1.79,1.808,1.808,0.0
2022-02-09,1.79,1.809,1.777,1.802,1.802,0.0
2022-02-10,1.804,1.964,1.8,1.944,1.944,0.0
2022-02-11,1.92,1.972,1.838,1.868,1.868,0.0
2022-02-13,,,,,,
2022-02-14,1.885,1.948,1.875,1.918,1.918,0.0
2022-02-15,1.937,1.959,1.917,1.935,1.935,0.0
2022-02-16,1.927,1.952,1.887,1.92,1.92,0.0
2022-02-17,1.878,1.894,1.845,1.848,1.848,0.0
2022-02-18,1.841,1.841,1.805,1.824,1.824,0.0
2022-02-20,,,,,,
2022-02-22,1.853,1.868,1.832,1.866,1.866,0.0
2022-02-23,1.902,1.913,1.871,1.893,1.893,0.0
2022-02-24,1.795,1.85,1.764,1.85,1.85,0.0
2022-02-25,1.908,1.919,1.868,1.885,1.885,0.0
2022-02-27,,,,,,
2022-02-28,1.8,1.803,1.721,1.721,1.721,0.0
2022-03-01,1.599,1.667,1.523,1.549,1.549,0.0
2022-03-02,1.664,1.757,1.649,1.752,1.752,0.0
2022-03-03,1.726,1.785,1.718,1.737,1.737,0.0
2022-03-04,1.685,1.689,1.597,1.631,1.631,0.0
2022-03-06,,,,,,
2022-03-07,1.678,1.717,1.653,1.691,1.691,0.0
2022-03-08,1.773,1.817,1.75,1.806,1.806,0.0
2022-03-09,1.849,1.883,1.834,1.88,1.88,0.0
2022-03-10,1.91,1.953,1.878,1.941,1.941,0.0
2022-03-11,1.948,1.97,1.931,1.96,1.96,0.0
2022-03-13,,,,,,
2022-03-14,2.036,2.092,2.021,2.092,2.092,0.0
2022-03-15,2.067,2.115,2.023,2.114,2.114,0.0
2022-03-16,2.129,2.238,2.12,2.198,2.198,0.0
2022-03-17,2.131,2.171,2.126,2.168,2.168,0.0
2022-03-18,2.128,2.17,2.128,2.143,2.143,0.0
2022-03-20,,,,,,
2022-03-21,2.216,2.34,2.216,2.34,2.34,0.0
2022-03-22,2.369,2.403,2.354,2.386,2.386,0.0
2022-03-23,2.373,2.393,2.318,2.34,2.34,0.0
2022-03-24,2.385,2.402,2.363,2.373,2.373,0.0
2022-03-25,2.392,2.575,2.391,2.573,2.573,0.0
2022-03-27,,,,,,
2022-03-28,2.556,2.569,2.51,2.565,2.565,0.0
2022-03-29,2.606,2.606,2.478,2.485,2.485,0.0
2022-03-30,2.487,2.525,2.432,2.448,2.448,0.0
2022-03-31,2.408,2.445,2.393,2.422,2.422,0.0
2022-04-01,2.532,2.594,2.513,2.549,2.549,0.0
2022-04-03,,,,,,
2022-04-04,2.549,2.584,2.523,2.555,2.555,0.0
2022-04-05,2.621,2.713,2.587,2.696,2.696,0.0
2022-04-06,2.748,2.76,2.658,2.702,2.702,0.0
2022-04-07,2.686,2.709,2.653,2.691,2.691,0.0
2022-04-08,2.75,2.791,2.728,2.756,2.756,0.0
2022-04-10,,,,,,
2022-04-11,2.814,2.822,2.776,2.785,2.785,0.0
2022-04-12,2.778,2.812,2.635,2.676,2.676,0.0
2022-04-13,2.688,2.712,2.572,2.642,2.642,0.0
2022-04-14,2.615,2.794,2.615,2.786,2.786,0.0
2022-04-17,,,,,,
2022-04-18,2.811,2.811,2.758,2.796,2.796,0.0
2022-04-19,2.815,2.901,2.813,2.889,2.889,0.0
2022-04-20,2.87,2.903,2.844,2.86,2.86,0.0
2022-04-21,2.889,3.014,2.888,2.979,2.979,0.0
2022-04-22,3.02,3.029,2.938,2.949,2.949,0.0
2022-04-24,,,,,,
2022-04-25,2.857,2.868,2.771,2.859,2.859,0.0
2022-04-26,2.782,2.807,2.754,2.797,2.797,0.0
2022-04-27,2.761,2.818,2.739,2.815,2.815,0.0
2022-04-28,2.872,2.907,2.823,2.88,2.88,0.0
2022-04-29,2.887,2.965,2.887,2.912,2.912,0.0
2022-05-01,,,,,,
2022-05-02,2.948,3.015,2.926,3.01,3.01,0.0
2022-05-03,3.0,3.01,2.945,3.003,3.003,0.0
2022-05-04,3.013,3.068,2.892,2.896,2.896,0.0
2022-05-05,2.923,3.058,2.913,3.024,3.024,0.0
2022-05-06,3.046,3.084,2.986,3.043,3.043,0.0
2022-05-08,,,,,,
2022-05-09,3.066,3.069,2.956,2.983,2.983,0.0
2022-05-10,2.905,2.922,2.859,2.918,2.918,0.0
2022-05-11,2.882,3.019,2.864,2.879,2.879,0.0
2022-05-12,2.816,2.857,2.782,2.782,2.782,0.0
2022-05-13,2.869,2.907,2.847,2.888,2.888,0.0
2022-05-15,,,,,,
2022-05-16,2.883,2.883,2.801,2.82,2.82,0.0
2022-05-17,2.879,2.957,2.879,2.946,2.946,0.0
2022-05-18,2.975,2.998,2.874,2.891,2.891,0.0
2022-05-19,2.835,2.852,2.779,2.847,2.847,0.0
2022-05-20,2.852,2.864,2.784,2.806,2.806,0.0
2022-05-22,,,,,,
2022-05-23,2.835,2.883,2.81,2.875,2.875,0.0
2022-05-24,2.834,2.844,2.721,2.757,2.757,0.0
2022-05-25,2.731,2.75,2.695,2.721,2.721,0.0
2022-05-26,2.696,2.75,2.677,2.716,2.716,0.0
2022-05-27,2.699,2.739,2.692,2.724,2.724,0.0
2022-05-29,,,,,,
2022-05-31,2.811,2.85,2.797,2.811,2.811,0.0
2022-06-01,2.853,2.952,2.819,2.938,2.938,0.0
2022-06-02,2.925,2.945,2.897,2.909,2.909,0.0
2022-06-03,2.925,2.978,2.922,2.951,2.951,0.0
2022-06-05,,,,,,
2022-06-06,2.97,3.039,2.965,3.035,3.035,0.0
2022-06-07,3.025,3.025,2.963,2.984,2.984,0.0
2022-06-08,3.015,3.049,3.001,3.032,3.032,0.0
2022-06-09,3.072,3.089,3.041,3.063,3.063,0.0
2022-06-10,3.078,3.259,3.064,3.25,3.25,0.0
2022-06-12,,,,,,
2022-06-13,3.418,3.475,3.355,3.475,3.475,0.0
2022-06-14,3.459,3.596,3.396,3.596,3.596,0.0
2022-06-15,3.485,3.568,3.412,3.472,3.472,0.0
2022-06-16,3.522,3.522,3.363,3.377,3.377,0.0
2022-06-17,3.289,3.425,3.282,3.34,3.34,0.0
2022-06-19,,,,,,
2022-06-21,3.376,3.399,3.351,3.379,3.379,0.0
2022-06-22,3.276,3.283,3.202,3.227,3.227,0.0
2022-06-23,3.167,3.176,3.039,3.133,3.133,0.0
2022-06-24,3.182,3.191,3.095,3.175,3.175,0.0
2022-06-26,,,,,,
2022-06-27,3.232,3.29,3.191,3.258,3.258,0.0
2022-06-28,3.282,3.301,3.238,3.26,3.26,0.0
2022-06-29,3.202,3.248,3.151,3.151,3.151,0.0
2022-06-30,3.08,3.082,3.004,3.004,3.004,0.0
2022-07-01,2.916,2.916,2.782,2.884,2.884,0.0
2022-07-03,,,,,,
2022-07-05,2.864,2.864,2.774,2.815,2.815,0.0
2022-07-06,2.778,2.961,2.735,2.951,2.951,0.0
2022-07-07,2.986,3.068,2.976,3.054,3.054,0.0
2022-07-08,3.02,3.159,3.013,3.142,3.142,0.0
2022-07-10,,,,,,
2022-07-11,3.091,3.091,3.013,3.05,3.05,0.0
2022-07-12,2.991,3.026,2.959,3.016,3.016,0.0
2022-07-13,3.006,3.154,2.969,3.019,3.019,0.0
2022-07-14,3.063,3.156,3.05,3.063,3.063,0.0
2022-07-15,3.038,3.087,3.004,3.051,3.051,0.0
2022-07-17,,,,,,
2022-07-18,3.066,3.131,3.066,3.07,3.07,0.0
2022-07-19,3.097,3.16,3.089,3.15,3.15,0.0
2022-07-20,3.097,3.179,3.071,3.178,3.178,0.0
2022-07-21,3.21,3.212,3.01,3.01,3.01,0.0
2022-07-22,2.894,2.919,2.811,2.873,2.873,0.0
2022-07-24,,,,,,
2022-07-25,2.887,2.919,2.88,2.9,2.9,0.0
2022-07-26,2.819,2.888,2.797,2.885,2.885,0.0
2022-07-27,2.872,2.892,2.792,2.797,2.797,0.0
2022-07-28,2.809,2.824,2.653,2.703,2.703,0.0
2022-07-29,2.737,2.765,2.658,2.695,2.695,0.0
2022-07-31,,,,,,
2022-08-01,2.679,2.718,2.637,2.668,2.668,0.0
2022-08-02,2.617,2.872,2.584,2.862,2.862,0.0
2022-08-03,2.887,2.974,2.858,2.872,2.872,0.0
2022-08-04,2.797,2.841,2.765,2.774,2.774,0.0
2022-08-05,2.802,2.988,2.796,2.976,2.976,0.0
2022-08-07,,,,,,
2022-08-08,2.93,2.954,2.899,2.911,2.911,0.0
2022-08-09,2.973,2.987,2.944,2.98,2.98,0.0
2022-08-10,2.994,3.045,2.799,2.923,2.923,0.0
2022-08-11,2.864,3.002,2.852,2.988,2.988,0.0
2022-08-12,2.949,2.996,2.932,2.977,2.977,0.0
2022-08-14,,,,,,
2022-08-15,2.927,2.927,2.878,2.913,2.913,0.0
2022-08-16,2.924,2.984,2.922,2.958,2.958,0.0
2022-08-17,3.06,3.084,3.015,3.048,3.048,0.0
2022-08-18,3.012,3.044,2.977,3.031,3.031,0.0
2022-08-19,3.102,3.126,3.073,3.116,3.116,0.0
2022-08-21,,,,,,
2022-08-22,3.114,3.184,3.099,3.179,3.179,0.0
2022-08-23,3.179,3.207,3.099,3.181,3.181,0.0
2022-08-24,3.169,3.256,3.169,3.231,3.231,0.0
2022-08-25,3.203,3.222,3.151,3.157,3.157,0.0
2022-08-26,3.188,3.229,3.137,3.195,3.195,0.0
2022-08-28,,,,,,
2022-08-29,3.263,3.275,3.241,3.263,3.263,0.0
2022-08-30,3.227,3.311,3.222,3.277,3.277,0.0
2022-08-31,3.275,3.301,3.256,3.284,3.284,0.0
2022-09-01,3.353,3.442,3.353,3.406,3.406,0.0
2022-09-02,3.384,3.405,3.269,3.298,3.298,0.0
2022-09-04,,,,,,
2022-09-06,3.372,3.462,3.372,3.443,3.443,0.0
2022-09-07,3.426,3.436,3.353,3.36,3.36,0.0
2022-09-08,3.326,3.414,3.31,3.397,3.397,0.0
2022-09-09,3.381,3.447,3.359,3.446,3.446,0.0
2022-09-11,,,,,,
2022-09-12,3.388,3.461,3.383,3.458,3.458,0.0
2022-09-13,3.392,3.621,3.383,3.589,3.589,0.0
2022-09-14,3.642,3.658,3.563,3.595,3.595,0.0
2022-09-15,3.676,3.683,3.618,3.674,3.674,0.0
2022-09-16,3.661,3.682,3.613,3.626,3.626,0.0
2022-09-18,,,,,,
2022-09-19,3.698,3.714,3.666,3.693,3.693,0.0
2022-09-20,3.734,3.777,3.718,3.75,3.75,0.0
2022-09-21,3.718,3.855,3.702,3.713,3.713,0.0
2022-09-22,3.792,3.942,3.79,3.929,3.929,0.0
2022-09-23,4.006,4.006,3.911,3.984,3.984,0.0
2022-09-25,,,,,,
2022-09-26,4.075,4.188,4.021,4.159,4.159,0.0
2022-09-27,4.057,4.239,4.057,4.21,4.21,0.0
2022-09-28,4.111,4.111,3.918,3.922,3.922,0.0
2022-09-29,4.036,4.055,3.969,3.979,3.979,0.0
2022-09-30,3.96,4.041,3.935,4.041,4.041,0.0
2022-10-02,,,,,,
2022-10-03,3.963,3.963,3.787,3.883,3.883,0.0
2022-10-04,3.809,3.883,3.782,3.84,3.84,0.0
2022-10-05,3.918,4.004,3.918,3.959,3.959,0.0
2022-10-06,3.978,4.06,3.957,4.06,4.06,0.0
2022-10-07,4.091,4.174,4.084,4.135,4.135,0.0
2022-10-09,,,,,,
2022-10-10,4.149,4.149,4.149,4.149,4.149,0.0
2022-10-11,4.127,4.181,4.093,4.169,4.169,0.0
2022-10-12,4.17,4.192,4.09,4.112,4.112,0.0
2022-10-13,4.079,4.344,4.058,4.207,4.207,0.0
2022-10-14,4.146,4.293,4.107,4.269,4.269,0.0
2022-10-16,,,,,,
2022-10-17,4.178,4.239,4.139,4.239,4.239,0.0
2022-10-18,4.2,4.268,4.172,4.215,4.215,0.0
2022-10-19,4.311,4.355,4.291,4.35,4.35,0.0
2022-10-20,4.346,4.448,4.325,4.448,4.448,0.0
2022-10-21,4.495,4.499,4.307,4.354,4.354,0.0
2022-10-23,,,,,,
2022-10-24,4.323,4.402,4.311,4.359,4.359,0.0
2022-10-25,4.293,4.304,4.195,4.257,4.257,0.0
2022-10-26,4.229,4.261,4.165,4.194,4.194,0.0
2022-10-27,4.242,4.248,4.064,4.088,4.088,0.0
2022-10-28,4.146,4.213,4.116,4.19,4.19,0.0
2022-10-30,,,,,,
2022-10-31,4.225,4.255,4.213,4.248,4.248,0.0
2022-11-01,4.122,4.274,4.102,4.258,4.258,0.0
2022-11-02,4.251,4.302,4.148,4.249,4.249,0.0
2022-11-03,4.405,4.439,4.341,4.35,4.35,0.0
2022-11-04,4.391,4.452,4.295,4.326,4.326,0.0
2022-11-06,,,,,,
2022-11-07,4.342,4.402,4.342,4.393,4.393,0.0
2022-11-08,4.372,4.379,4.301,4.306,4.306,0.0
2022-11-09,4.32,4.342,4.262,4.285,4.285,0.0
2022-11-10,4.227,4.243,3.931,3.943,3.943,0.0
2022-11-11,3.938,3.938,3.938,3.938,3.938,0.0
2022-11-13,,,,,,
2022-11-14,4.002,4.035,3.986,3.997,3.997,0.0
2022-11-15,3.934,3.972,3.866,3.922,3.922,0.0
2022-11-16,3.892,3.932,3.838,3.85,3.85,0.0
2022-11-17,3.923,3.963,3.901,3.937,3.937,0.0
2022-11-18,3.982,4.003,3.939,4.0,4.0,0.0
2022-11-20,,,,,,
2022-11-21,3.996,4.022,3.945,4.008,4.008,0.0
2022-11-22,3.957,3.969,3.929,3.938,3.938,0.0
2022-11-23,3.972,4.0,3.889,3.892,3.892,0.0
2022-11-25,3.917,3.951,3.859,3.87,3.87,0.0
2022-11-27,,,,,,
2022-11-28,3.875,3.903,3.854,3.896,3.896,0.0
2022-11-29,3.885,3.941,3.872,3.92,3.92,0.0
2022-11-30,3.91,3.999,3.825,3.832,3.832,0.0
2022-12-01,3.757,3.769,3.68,3.68,3.68,0.0
2022-12-02,3.657,3.821,3.652,3.666,3.666,0.0
2022-12-04,,,,,,
2022-12-05,3.707,3.802,3.686,3.793,3.793,0.0
2022-12-06,3.764,3.793,3.724,3.733,3.733,0.0
2022-12-07,3.759,3.759,3.607,3.614,3.614,0.0
2022-12-08,3.674,3.726,3.653,3.71,3.71,0.0
2022-12-09,3.674,3.763,3.66,3.757,3.757,0.0
2022-12-11,,,,,,
2022-12-12,3.739,3.817,3.725,3.802,3.802,0.0
2022-12-13,3.769,3.777,3.556,3.647,3.647,0.0
2022-12-14,3.632,3.715,3.602,3.654,3.654,0.0
2022-12-15,3.645,3.671,3.597,3.626,3.626,0.0
2022-12-16,3.659,3.72,3.598,3.617,3.617,0.0
2022-12-18,,,,,,
2022-12-19,3.678,3.728,3.673,3.711,3.711,0.0
2022-12-20,3.768,3.82,3.763,3.784,3.784,0.0
2022-12-21,3.726,3.784,3.712,3.775,3.775,0.0
2022-12-22,3.75,3.799,3.749,3.787,3.787,0.0
2022-12-23,3.817,3.875,3.817,3.862,3.862,0.0
2022-12-25,,,,,,
2022-12-27,3.894,3.968,3.89,3.963,3.963,0.0
2022-12-28,3.924,3.98,3.922,3.979,3.979,0.0
2022-12-29,3.964,3.983,3.939,3.955,3.955,0.0
2022-12-30,3.988,4.035,3.964,4.0,4.0,0.0
2023-01-01,,,,,,
2023-01-03,3.899,3.959,3.878,3.945,3.945,0.0
2023-01-04,3.833,3.889,3.819,3.875,3.875,0.0
2023-01-05,3.898,3.976,3.889,3.91,3.91,0.0
2023-01-06,3.952,3.959,3.707,3.712,3.712,0.0
2023-01-08,,,,,,
2023-01-09,3.715,3.72,3.636,3.651,3.651,0.0
2023-01-10,3.717,3.758,3.684,3.734,3.734,0.0
2023-01-11,3.689,3.712,3.665,3.67,3.67,0.0
2023-01-12,3.627,3.729,3.524,3.546,3.546,0.0
2023-01-13,3.571,3.616,3.528,3.614,3.614,0.0
2023-01-15,,,,,,
2023-01-17,3.664,3.668,3.576,3.607,3.607,0.0
2023-01-18,3.548,3.55,3.432,3.433,3.433,0.0
2023-01-19,3.459,3.507,3.435,3.485,3.485,0.0
2023-01-20,3.539,3.593,3.532,3.567,3.567,0.0
2023-01-22,,,,,,
2023-01-23,3.582,3.632,3.577,3.625,3.625,0.0
2023-01-24,3.616,3.66,3.568,3.584,3.584,0.0
2023-01-25,3.556,3.589,3.521,3.561,3.561,0.0
2023-01-26,3.576,3.612,3.552,3.588,3.588,0.0
2023-01-27,3.638,3.652,3.614,3.621,3.621,0.0
2023-01-29,,,,,,
2023-01-30,3.666,3.69,3.655,3.683,3.683,0.0
2023-01-31,3.655,3.664,3.602,3.638,3.638,0.0
2023-02-01,3.586,3.645,3.488,3.495,3.495,0.0
2023-02-02,3.454,3.497,3.413,3.483,3.483,0.0
2023-02-03,3.484,3.676,3.478,3.666,3.666,0.0
2023-02-05,,,,,,
2023-02-06,3.762,3.827,3.762,3.814,3.814,0.0
2023-02-07,3.806,3.846,3.743,3.844,3.844,0.0
2023-02-08,3.82,3.846,3.79,3.818,3.818,0.0
2023-02-09,3.78,3.885,3.767,3.882,3.882,0.0
2023-02-10,3.879,3.926,3.87,3.924,3.924,0.0
2023-02-12,,,,,,
2023-02-13,3.949,3.955,3.91,3.926,3.926,0.0
2023-02-14,3.886,4.038,3.815,4.003,4.003,0.0
2023-02-15,4.019,4.069,3.989,4.04,4.04,0.0
2023-02-16,4.019,4.091,4.005,4.048,4.048,0.0
2023-02-17,4.102,4.113,4.033,4.036,4.036,0.0
2023-02-19,,,,,,
2023-02-21,4.103,4.185,4.094,4.175,4.175,0.0
2023-02-22,4.142,4.164,4.116,4.151,4.151,0.0
2023-02-23,4.147,4.189,4.087,4.105,4.105,0.0
2023-02-24,4.154,4.243,4.152,4.21,4.21,0.0
2023-02-26,,,,,,
2023-02-27,4.224,4.224,4.154,4.173,4.173,0.0
2023-02-28,4.191,4.229,4.159,4.168,4.168,0.0
2023-03-01,4.203,4.279,4.198,4.263,4.263,0.0
2023-03-02,4.314,4.35,4.304,4.325,4.325,0.0
2023-03-03,4.279,4.317,4.24,4.253,4.253,0.0
2023-03-05,,,,,,
2023-03-06,4.198,4.276,4.191,4.271,4.271,0.0
2023-03-07,4.237,4.329,4.218,4.315,4.315,0.0
2023-03-08,4.329,4.351,4.25,4.336,4.336,0.0
2023-03-09,4.351,4.358,4.186,4.221,4.221,0.0
2023-03-10,4.089,4.119,3.928,3.954,3.954,0.0
2023-03-12,,,,,,
2023-03-13,3.663,3.742,3.55,3.666,3.666,0.0
2023-03-14,3.778,3.909,3.749,3.798,3.798,0.0
2023-03-15,3.652,3.652,3.445,3.578,3.578,0.0
2023-03-16,3.53,3.75,3.46,3.742,3.742,0.0
2023-03-17,3.653,3.653,3.459,3.466,3.466,0.0
2023-03-19,,,,,,
2023-03-20,3.432,3.624,3.432,3.575,3.575,0.0
2023-03-21,3.71,3.757,3.661,3.746,3.746,0.0
2023-03-22,3.784,3.8,3.517,3.573,3.573,0.0
2023-03-23,3.544,3.575,3.402,3.417,3.417,0.0
2023-03-24,3.246,3.423,3.246,3.409,3.409,0.0
2023-03-26,,,,,,
2023-03-27,3.545,3.61,3.533,3.595,3.595,0.0
2023-03-28,3.629,3.686,3.593,3.662,3.662,0.0
2023-03-29,3.684,3.722,3.639,3.675,3.675,0.0
2023-03-30,3.687,3.727,3.66,3.663,3.663,0.0
2023-03-31,3.692,3.699,3.611,3.611,3.611,0.0
2023-04-02,,,,,,
2023-04-03,3.637,3.649,3.501,3.529,3.529,0.0
2023-04-04,3.563,3.577,3.386,3.388,3.388,0.0
2023-04-05,3.349,3.366,3.269,3.344,3.344,0.0
2023-04-06,3.302,3.374,3.278,3.357,3.357,0.0
2023-04-09,,,,,,
2023-04-10,3.468,3.54,3.454,3.519,3.519,0.0
2023-04-11,3.507,3.575,3.488,3.55,3.55,0.0
2023-04-12,3.554,3.576,3.402,3.476,3.476,0.0
2023-04-13,3.493,3.518,3.413,3.507,3.507,0.0
2023-04-14,3.504,3.625,3.498,3.611,3.611,0.0
2023-04-16,,,,,,
2023-04-17,3.647,3.703,3.632,3.693,3.693,0.0
2023-04-18,3.677,3.705,3.646,3.675,3.675,0.0
2023-04-19,3.749,3.75,3.708,3.722,3.722,0.0
2023-04-20,3.668,3.682,3.616,3.64,3.64,0.0
2023-04-21,3.616,3.673,3.581,3.661,3.661,0.0
2023-04-23,,,,,,
2023-04-24,3.637,3.637,3.59,3.605,3.605,0.0
2023-04-25,3.517,3.517,3.418,3.442,3.442,0.0
2023-04-26,3.466,3.524,3.423,3.48,3.48,0.0
2023-04-27,3.485,3.609,3.478,3.602,3.602,0.0
2023-04-28,3.56,3.583,3.509,3.536,3.536,0.0
2023-04-30,,,,,,
2023-05-01,3.574,3.633,3.534,3.633,3.633,0.0
2023-05-02,3.597,3.622,3.442,3.466,3.466,0.0
2023-05-03,3.445,3.452,3.361,3.411,3.411,0.0
2023-05-04,3.295,3.38,3.205,3.276,3.276,0.0
2023-05-05,3.344,3.441,3.344,3.419,3.419,0.0
2023-05-07,,,,,,
2023-05-08,3.476,3.502,3.453,3.5,3.5,0.0
2023-05-09,3.474,3.524,3.471,3.495,3.495,0.0
2023-05-10,3.498,3.552,3.359,3.373,3.373,0.0
2023-05-11,3.347,3.366,3.282,3.359,3.359,0.0
2023-05-12,3.376,3.453,3.355,3.451,3.451,0.0
2023-05-14,,,,,,
2023-05-15,3.484,3.486,3.436,3.469,3.469,0.0
2023-05-16,3.444,3.555,3.444,3.522,3.522,0.0
2023-05-17,3.508,3.602,3.507,3.592,3.592,0.0
2023-05-18,3.611,3.704,3.611,3.698,3.698,0.0
2023-05-19,3.714,3.786,3.66,3.748,3.748,0.0
2023-05-21,,,,,,
2023-05-22,3.739,3.787,3.718,3.767,3.767,0.0
2023-05-23,3.808,3.826,3.739,3.748,3.748,0.0
2023-05-24,3.734,3.822,3.734,3.782,3.782,0.0
2023-05-25,3.812,3.896,3.786,3.896,3.896,0.0
2023-05-26,3.887,3.99,3.868,3.938,3.938,0.0
2023-05-28,,,,,,
2023-05-30,3.84,3.89,3.814,3.826,3.826,0.0
2023-05-31,3.762,3.812,3.736,3.743,3.743,0.0
2023-06-01,3.777,3.786,3.665,3.701,3.701,0.0
2023-06-02,3.717,3.856,3.715,3.842,3.842,0.0
2023-06-04,,,,,,
2023-06-05,3.903,3.919,3.792,3.83,3.83,0.0
2023-06-06,3.816,3.882,3.816,3.856,3.856,0.0
2023-06-07,3.856,3.96,3.851,3.919,3.919,0.0
2023-06-08,3.953,3.958,3.846,3.856,3.856,0.0
2023-06-09,3.911,3.938,3.86,3.92,3.92,0.0
2023-06-11,,,,,,
2023-06-12,3.904,3.954,3.874,3.917,3.917,0.0
2023-06-13,3.887,4.024,3.817,4.021,4.021,0.0
2023-06-14,3.984,4.094,3.938,4.009,4.009,0.0
2023-06-15,4.046,4.071,3.91,3.924,3.924,0.0
2023-06-16,3.956,4.038,3.94,3.992,3.992,0.0
2023-06-18,,,,,,
2023-06-20,3.955,4.006,3.919,3.96,3.96,0.0
2023-06-21,3.99,4.017,3.934,3.955,3.955,0.0
2023-06-22,3.969,4.051,3.936,4.046,4.046,0.0
2023-06-23,3.97,4.019,3.929,3.995,3.995,0.0
2023-06-25,,,,,,
2023-06-26,3.949,3.986,3.927,3.963,3.963,0.0
2023-06-27,3.965,4.043,3.943,4.034,4.034,0.0
2023-06-28,4.004,4.04,3.967,3.972,3.972,0.0
2023-06-29,4.016,4.155,4.016,4.143,4.143,0.0
2023-06-30,4.159,4.168,4.101,4.133,4.133,0.0
2023-07-02,,,,,,
2023-07-03,4.193,4.196,4.091,4.191,4.191,0.0
2023-07-05,4.187,4.255,4.168,4.255,4.255,0.0
2023-07-06,4.342,4.495,4.342,4.366,4.366,0.0
2023-07-07,4.403,4.438,4.29,4.337,4.337,0.0
2023-07-09,,,,,,
2023-07-10,4.317,4.358,4.232,4.246,4.246,0.0
2023-07-11,4.227,4.259,4.218,4.239,4.239,0.0
2023-07-12,4.19,4.206,4.056,4.07,4.07,0.0
2023-07-13,4.014,4.042,3.933,3.935,3.935,0.0
2023-07-14,3.973,4.04,3.956,4.031,4.031,0.0
2023-07-16,,,,,,
2023-07-17,3.986,4.051,3.986,4.001,4.001,0.0
2023-07-18,3.951,4.007,3.924,4.001,4.001,0.0
2023-07-19,3.956,4.015,3.938,3.972,3.972,0.0
2023-07-20,4.049,4.127,4.049,4.1,4.1,0.0
2023-07-21,4.093,4.102,4.068,4.093,4.093,0.0
2023-07-23,,,,,,
2023-07-24,4.058,4.139,4.049,4.127,4.127,0.0
2023-07-25,4.168,4.207,4.16,4.193,4.193,0.0
2023-07-26,4.148,4.197,4.083,4.083,4.083,0.0
2023-07-27,4.092,4.26,4.083,4.251,4.251,0.0
2023-07-28,4.181,4.221,4.156,4.195,4.195,0.0
2023-07-30,,,,,,
2023-07-31,4.19,4.206,4.148,4.179,4.179,0.0
